country,year,SHADOW,SHADOW_MIMIC,TAX,ACCOUNT,DIGPAY,ATM_per100k,LGDPPC,GDPPC_USD,OPEN,UNEMP,INFL,REMIT,URBAN,MOBILE,BROADBAND,REG_QUALITY,RULE_OF_LAW,INST
Albania,2011,30.6074,33.6508,17.9067,28.2681,6.074677903110718,35.042,8.210095747874911,3677.8946,80.699,13.481,3.4281,11.9632,53.2917,106.4742,4.4036,0.0538,-0.2993,-0.12275
Albania,2012,30.5458,33.546,17.5879,31.507533333333335,12.793864706412094,35.5992,8.23532029299229,3771.8478,76.9684,13.376,2.0316,11.5933,53.8638,120.2747,5.5013,-0.0836,-0.4022,-0.2429
Albania,2013,29.9724,33.8653,16.4765,34.746966666666665,18.07653296305562,35.4,8.267679945745863,3895.8998,75.7506,15.866,1.9376,10.0168,54.298,126.7718,6.2786,-0.0639,-0.4812,-0.27255
Albania,2014,29.7679,33.8607,18.2081,37.9864,22.4609,34.8217,8.30526632225916,4045.1193,75.0212,18.055,1.6259,10.6872,54.7326,115.7006,7.1619,0.0565,-0.2764,-0.10994999999999999
Albania,2015,29.8274,33.7438,18.3813,38.66266666666667,24.5814,35.3967,8.342730060154556,4199.5391,71.2794,17.193,1.8962,11.2541,55.1579,117.3297,8.3788,0.0444,-0.2268,-0.0912
Albania,2016,29.9466,33.3905,17.4032,39.33893333333334,26.7019,34.1739,8.39650613316505,4431.5564,74.0145,15.418,1.2754,10.8937,55.5739,116.284,9.1922,0.0643,-0.2062,-0.07095
Albania,2017,29.9669,33.0118,18.5477,40.0152,28.8224,31.813,8.44424195306486,4648.2308,76.7874,13.616,1.9867,9.8944,55.9803,125.0999,10.4757,0.1105,-0.2057,-0.047599999999999996
Albania,2018,29.9187,32.5539,18.277,41.05495,30.255025,30.7623,8.495729240085174,4893.8238,75.6941,12.304,2.0281,9.4815,56.377,93.8031,12.5058,0.114,-0.1744,-0.030199999999999998
Albania,2019,29.7245,32.4233,17.931,42.0947,31.687649999999998,30.1141,8.531576553139603,5072.4365,75.3821,11.466,1.4111,9.4501,56.7639,91.1635,15.1193,0.0917,-0.2914,-0.09985
Albania,2020,29.3367,32.8291,16.8955,43.13445,33.120275,31.5303,8.513309057926604,4980.617,59.5207,11.639,1.6209,9.6184,57.1409,91.1881,17.7209,-0.0196,-0.2567,-0.13815
Armenia,2011,37.7506,43.6819,17.2194,17.4869,3.2654369552716247,41.3216,7.987469077498868,2943.8369,69.4356,18.884,7.65,17.7342,64.3207,109.8501,5.4929,0.371,-0.387,-0.008000000000000007
Armenia,2012,37.5061,43.2033,17.4916,17.547633333333334,6.745873234121277,48.0384,8.058250911257845,3159.7586,75.9617,17.511,2.558,18.033,64.3268,113.6974,7.2558,0.4081,-0.3573,0.025400000000000006
Armenia,2013,37.2692,43.1251,21.5862,17.608366666666665,9.417750435437704,51.6859,8.09141275740442,3266.2988,77.555,16.576,5.7897,19.7114,64.3584,114.4997,8.3167,0.3442,-0.302,0.021100000000000008
Armenia,2014,36.5299,43.2678,21.5992,17.6691,12.2709,57.4444,8.12949702642265,3393.0925,75.7789,17.498,2.9813,17.9044,64.4143,118.3654,9.3376,0.1234,-0.4145,-0.14554999999999998
Armenia,2015,36.2212,43.3836,20.9312,27.699066666666667,22.019166666666667,58.9939,8.164052992897634,3512.3935,71.6821,18.261,3.7317,14.1327,64.493,118.5991,9.8015,0.2129,-0.3963,-0.09169999999999999
Armenia,2016,35.6658,43.4115,21.2774,37.729033333333334,31.767433333333337,60.0613,8.170153111320177,3533.885,76.078,17.617,0.0,13.1075,64.5929,117.6708,10.2498,0.2425,-0.3081,-0.032799999999999996
Armenia,2017,35.3125,42.7821,20.7807,47.759,41.5157,63.01,8.246794156457783,3815.3747,87.2024,17.704,0.9696,13.3477,64.7125,119.6764,10.8173,0.2658,-0.3193,-0.026749999999999996
Armenia,2018,34.5871,42.3893,20.8701,49.656175000000005,43.0045,65.0353,8.30098401664263,4027.8339,92.4731,18.966,2.5202,11.9427,64.8503,123.0,11.9399,0.2852,-0.2187,0.03325
Armenia,2019,34.6181,42.195,22.2852,51.55335,44.493300000000005,67.8922,8.376426176124468,4343.4584,97.847,18.304,1.4434,11.2189,65.0047,124.6137,13.2819,0.2584,-0.248,0.00520000000000001
Armenia,2020,33.9738,43.5617,21.8604,53.450525,45.9821,67.8456,8.302040230134786,4032.0904,70.1214,18.175,1.2114,10.4971,65.1742,120.6824,14.8884,0.2081,-0.0752,0.06645000000000001
Azerbaijan,2011,47.0616,53.914,12.2248,14.9009,1.0188074122253212,29.8598,8.54659794295763,5149.2067,80.508,5.42,7.8583,2.8704,53.5085,109.3338,10.5213,-0.4419,-0.7606,-0.6012500000000001
Azerbaijan,2012,45.8224,53.8678,12.7786,19.6511,8.635019306885816,31.282,8.555100542486988,5193.175,78.2631,5.19,1.0662,2.8562,53.8076,107.9885,14.6072,-0.4894,-0.7516,-0.6205
Azerbaijan,2013,44.5833,53.3785,13.3883,24.4013,15.121278703723668,33.2541,8.598956682308117,5425.9956,74.6758,4.97,2.4157,2.337,54.1821,106.5832,18.0146,-0.39,-0.6655,-0.5277499999999999
Azerbaijan,2014,43.0566,53.3749,14.2125,29.1515,20.4165,35.5597,8.614066276520274,5508.6027,69.4832,4.91,1.3734,2.4541,54.6319,109.5667,19.7076,-0.277,-0.6479,-0.46245
Azerbaijan,2015,42.1758,53.5522,15.6032,28.958066666666667,21.803266666666666,36.473,8.612594930665232,5500.5036,72.6015,4.96,4.0277,2.3927,55.157,109.6821,19.4759,-0.2618,-0.7054,-0.48360000000000003
Azerbaijan,2016,41.5273,53.8302,14.5203,28.764633333333332,23.190033333333332,33.2172,8.57030129603905,5272.7182,90.0773,5.0,12.4434,1.6984,55.7575,103.2485,18.2771,-0.2167,-0.6732,-0.44495
Azerbaijan,2017,40.7811,53.6832,13.1335,28.5712,24.5768,32.8245,8.562023640537138,5229.2526,90.4023,5.0,12.9359,2.7733,56.4332,101.5899,18.1092,-0.1854,-0.7128,-0.4491
Azerbaijan,2018,40.4981,53.4947,12.9436,32.1087,28.17082,33.8221,8.568253044558501,5261.9294,91.6726,4.9,2.2685,2.6018,57.1842,102.9873,18.8342,-0.2005,-0.6534,-0.42695
Azerbaijan,2019,39.9669,53.4228,14.19,35.6462,31.76484,35.3867,8.584282182338892,5346.9532,85.8181,5.0,2.6106,2.647,58.1308,106.3283,19.2178,-0.1045,-0.6726,-0.38855
Azerbaijan,2020,39.0533,54.8374,15.1856,39.1837,35.35886,35.9399,8.534541869062888,5087.5002,72.0179,7.24,2.7598,3.2865,58.2935,101.5967,19.5986,-0.1056,-0.6182,-0.3619
Belarus,2011,40.3898,43.8568,14.5091,58.602,47.38565733102072,41.2464,8.6897488836754,5941.69,157.9743,6.024,53.2287,1.442,75.0598,112.9019,22.1485,-1.3323,-0.9979,-1.1651
Belarus,2012,39.7847,43.6753,14.663,63.062999999999995,53.49956970489618,46.2373,8.708249389917615,6052.6374,153.0853,5.962,59.2197,1.6032,75.5281,112.8224,26.755,-1.0299,-0.7381,-0.884
Belarus,2013,39.4058,43.6049,13.355,67.524,60.411544500361124,51.2795,8.718570838747201,6115.4329,119.816,5.942,18.3123,1.6067,75.9497,117.4335,29.4348,-1.0356,-0.8223,-0.92895
Belarus,2014,38.5553,43.4018,12.6977,71.985,66.3942,54.8774,8.734385742602175,6212.9167,110.6514,5.908,18.1196,1.5623,76.3405,120.3661,28.3377,-0.8947,-0.7472,-0.8209500000000001
Belarus,2015,38.5641,42.9811,14.1731,75.04196666666667,70.4803,55.6528,8.694008952428605,5967.056,115.9148,5.881,13.5345,1.65,76.6264,120.6696,30.6041,-1.0026,-0.7317,-0.86715
Belarus,2016,38.229,43.2793,13.7882,78.09893333333333,74.5664,55.449,8.667542644297278,5811.2016,125.2093,5.844,11.8366,2.0464,76.8459,120.4315,32.293,-0.9143,-0.7124,-0.81335
Belarus,2017,37.6375,43.0476,13.019,81.1559,78.6525,55.9022,8.693647016695559,5964.8967,133.3678,5.648,6.0318,2.2911,77.0208,120.2127,33.3125,-0.8817,-0.7599,-0.8208
Belarus,2018,37.5188,42.6945,14.6726,77.00949606326145,76.0331404060073,54.1512,8.726791531149477,6165.9132,139.3937,4.763,4.8723,2.4084,77.2133,122.5698,33.7712,-0.7883,-0.7331,-0.7606999999999999
Belarus,2019,37.3029,42.5392,13.3015,80.51685035039094,78.9532480587329,54.9042,8.743170340298215,6267.7351,130.8504,4.165,5.5982,2.2028,77.4551,123.2298,34.0724,-0.5076,-0.7942,-0.6509
Belarus,2020,36.7677,43.1005,12.0229,85.07335130867497,83.20918024341589,55.8414,8.740654932102839,6251.989,118.9342,4.049,5.5481,1.6517,77.789,125.1647,34.8152,-0.6831,-0.8602,-0.77165
Bosnia and Herzegovina,2011,30.7265,33.4375,20.3057,56.2116,31.098565436036118,37.9765,8.317339635338078,4094.2533,87.8363,27.582,3.6713,10.5031,46.0529,84.7529,11.4984,-0.2716,-0.4173,-0.34445000000000003
Bosnia and Herzegovina,2012,30.3049,33.4122,20.4775,55.03606666666666,32.3907085266069,41.2194,8.32843109077443,4139.9173,88.1451,28.01,2.0527,10.7142,46.3656,91.4833,12.7897,-0.2052,-0.1319,-0.16854999999999998
Bosnia and Herzegovina,2013,29.9666,33.0644,19.7515,53.860533333333336,34.33036669397107,44.4544,8.367934612393128,4306.7318,87.9312,27.49,0.0,10.7705,46.6954,96.6063,14.2931,-0.2014,-0.125,-0.1632
Bosnia and Herzegovina,2014,29.613,33.0111,19.7779,52.685,33.0813,46.7779,8.392236632455623,4412.6762,90.5523,27.517,0.0,11.3539,47.1308,97.9342,15.2155,-0.1859,-0.0895,-0.1377
Bosnia and Herzegovina,2015,29.3739,32.6818,19.7,54.737833333333334,38.80943333333333,50.031,8.447255309261614,4662.2587,88.292,27.695,0.0,10.9795,47.5712,97.8678,18.0469,-0.2509,-0.2308,-0.24085
Bosnia and Herzegovina,2016,29.1626,31.9989,19.7137,56.79066666666667,44.53756666666667,50.6911,8.492190144146006,4876.5347,88.244,25.408,0.0,10.7846,48.0249,98.0144,19.0748,-0.2439,-0.2095,-0.2267
Bosnia and Herzegovina,2017,29.2119,31.2462,19.9877,58.8435,50.2657,52.1703,8.536959739630202,5099.816,96.6459,20.527,0.81,11.0053,48.4918,100.3326,20.4261,-0.1684,-0.3294,-0.2489
Bosnia and Herzegovina,2018,28.9843,30.7766,20.141,63.9671,54.329075,54.1975,8.586766267885054,5360.252,98.4321,18.4,1.4171,11.047,48.9719,102.1865,21.1505,-0.3158,-0.3211,-0.31845
Bosnia and Herzegovina,2019,28.7681,30.3014,19.8266,69.0907,58.39245,56.7921,8.62753477692237,5583.2972,94.5161,15.692,0.5628,11.3881,49.465,112.2548,22.295,-0.3767,-0.3905,-0.3836
Bosnia and Herzegovina,2020,28.4014,31.027,18.7506,74.21430000000001,62.455825,57.0507,8.610820811055218,5490.7537,82.5216,15.868,0.0,9.5473,49.9711,106.3747,23.3508,-0.3742,-0.3026,-0.3384
Bulgaria,2011,29.7026,33.5999,17.8827,52.8249,34.10336617081153,93.7032,8.795680047144401,6605.6462,117.4181,11.26,4.2199,2.5712,72.6102,141.9383,17.0297,0.3294,-0.3367,-0.0036499999999999866
Bulgaria,2012,29.3849,33.5908,18.3853,56.2122,40.100900226165386,92.8541,8.808932492174877,6693.7698,123.9713,12.27,2.9546,2.6683,72.7685,147.3379,18.2007,0.3315,-0.2175,0.05700000000000001
Bulgaria,2013,29.0233,33.8344,19.6863,59.5995,45.90881746945589,94.8192,8.823660093972551,6793.0825,129.6887,12.941,0.8901,2.9862,72.9633,144.3551,19.5682,0.2963,-0.2313,0.0325
Bulgaria,2014,28.8427,33.6153,19.5666,62.9868,51.7619,92.0931,8.84525490136283,6941.3732,130.2484,11.424,0.0,3.0094,73.0845,131.3351,20.5011,0.3083,-0.2149,0.046700000000000005
Bulgaria,2015,28.6872,32.9816,20.0778,66.0592,56.1463,93.3991,8.891377572554363,7269.0259,126.7367,9.143,0.0,3.0016,73.1031,128.1033,22.4944,0.4178,-0.2081,0.10485
Bulgaria,2016,28.4847,32.4583,20.333,69.13159999999999,60.530699999999996,97.0266,8.934177260819428,7586.8917,122.8055,7.575,0.0,3.0207,73.175,125.906,23.8177,0.5564,-0.1981,0.17915
Bulgaria,2017,28.4958,32.1244,20.5232,72.204,64.9151,98.2475,8.974505449838771,7899.1106,129.6344,6.164,2.0616,3.5146,73.3905,120.5956,25.3925,0.538,-0.2333,0.15235
Bulgaria,2018,28.2373,31.9761,19.9835,75.14462499999999,67.49279999999999,97.4426,9.011254231554455,8194.793,129.1665,5.211,2.8145,3.2105,73.6002,119.3945,27.1034,0.4816,-0.1407,0.17045
Bulgaria,2019,28.1232,31.7999,20.5951,78.08525,70.0705,99.1036,9.062602833924274,8626.575,125.2604,4.148,3.1037,3.1172,73.7162,116.617,28.8837,0.4581,-0.1406,0.15875
Bulgaria,2020,27.7557,32.7301,20.1967,81.025875,72.6482,96.3371,9.040798509904818,8440.5142,110.4239,5.037,1.6724,2.8166,73.324,114.5967,30.5043,0.3077,-0.1505,0.07859999999999999
Croatia,2011,29.2116,31.3159,19.6485,88.391,70.3164583376957,109.43,9.392089573339346,11993.1337,77.7839,13.678,2.2727,4.0135,55.2774,119.4896,20.8566,0.2745,0.2402,0.25735
Croatia,2012,28.9821,31.5981,20.1296,87.60236666666667,71.96546951707847,112.6911,9.374208141879594,11780.5853,79.0092,16.046,3.4121,3.6226,55.3043,116.7193,21.5819,0.2064,0.2677,0.23704999999999998
Croatia,2013,28.7258,31.7134,20.5988,86.81373333333333,73.90948537495458,114.3089,9.37910844384678,11838.4554,80.9196,17.231,2.2166,4.6264,55.3659,111.2818,22.5043,0.2264,0.2616,0.244
Croatia,2014,28.7723,31.7248,20.3827,86.0251,76.0833,117.8034,9.381161181308713,11862.7816,85.2166,17.209,0.0,4.6528,55.4592,105.7323,23.3319,0.1191,0.3591,0.23909999999999998
Croatia,2015,28.8176,31.551,21.4161,86.06456666666666,78.4332,124.6391,9.41604270567045,12283.875,90.6518,16.15,0.0,5.2496,55.5813,105.5436,23.5726,0.1463,0.3335,0.2399
Croatia,2016,28.8,30.9101,21.9038,86.10403333333333,80.78309999999999,129.7263,9.460980305058559,12848.4737,92.1393,13.015,0.0,6.1216,55.7294,106.7184,25.2341,0.1803,0.3048,0.24255
Croatia,2017,28.9008,30.3628,22.0182,86.1435,83.133,143.1119,9.50936075466125,13485.3711,97.2452,11.078,1.1294,6.5269,55.901,105.7948,26.8651,0.2956,0.3433,0.31945
Croatia,2018,28.871,29.8695,21.7868,87.558675,84.12089999999999,151.0676,9.55116453236802,14061.0597,99.0846,8.322,1.5001,6.5058,56.0932,109.034,28.0156,0.3956,0.2554,0.3255
Croatia,2019,28.8216,29.5044,21.9731,88.97385,85.1088,161.3464,9.591640757468875,14641.8736,101.3951,6.551,0.7718,6.966,56.3032,110.4938,28.9683,0.3848,0.31,0.3474
Croatia,2020,28.4241,30.6446,20.8752,90.389025,86.0967,146.2132,9.513827400497469,13545.7402,89.5475,7.389,0.1548,7.2375,56.5285,110.6663,26.0745,0.2018,0.3487,0.27525
Georgia,2011,61.6233,65.8826,22.6614,32.981,11.130671372237003,51.3089,8.120321950025149,3362.103,85.4659,19.632,8.5429,9.9984,55.6899,114.5169,6.4234,0.7158,-0.0187,0.34854999999999997
Georgia,2012,61.4383,65.3599,23.0885,35.20903333333334,16.82842898805101,63.7664,8.191402329261773,3609.7808,89.7349,19.653,0.0,10.4775,56.1684,122.3841,12.0611,0.6933,0.1864,0.43985
Georgia,2013,61.0834,65.0563,22.0626,37.43706666666667,22.338928306046014,68.3718,8.244466986996175,3806.506,93.8139,19.416,0.0,11.1047,56.6182,131.0831,13.5709,0.7283,0.1218,0.42505
Georgia,2014,61.0478,64.4987,22.0531,39.6651,23.581,71.3003,8.284087886183617,3960.3508,94.9507,17.439,3.0688,11.0568,57.0238,142.3909,15.8407,0.8195,0.3528,0.58615
Georgia,2015,60.8766,63.9471,22.3477,46.85353333333334,33.371966666666665,70.5255,8.315474064319442,4086.6223,97.0163,16.506,4.0036,9.582,57.3804,146.3965,16.7647,0.8099,0.3406,0.57525
Georgia,2016,60.1282,63.8882,23.0424,54.04196666666667,43.16293333333333,74.9693,8.348796196361503,4225.0915,94.9263,16.604,2.1349,9.8467,57.6984,145.8806,17.9596,0.9448,0.3712,0.6579999999999999
Georgia,2017,59.8357,62.5503,23.0135,61.2304,52.9539,76.6984,8.398974225756175,4442.5074,102.5843,13.939,6.0353,10.8901,57.9997,145.0725,20.4644,0.9416,0.2232,0.5824
Georgia,2018,59.4199,61.6932,22.0479,63.547475000000006,55.2568,78.3546,8.458218576339677,4713.6535,109.8477,12.667,2.6152,11.3631,58.3038,143.8581,22.5911,0.8012,0.2664,0.5338
Georgia,2019,58.7918,60.8236,22.8973,65.86455000000001,57.5597,85.9058,8.512343751868682,4975.8115,117.8101,11.565,4.8529,12.8029,58.6304,141.7554,24.6806,0.8781,0.2144,0.54625
Georgia,2020,58.187,61.7879,21.1808,68.181625,59.8626,91.5696,8.446686882403105,4659.6093,92.8911,11.734,5.2025,13.1764,58.9991,134.366,25.512,0.8062,0.2568,0.5315
Kazakhstan,2011,37.7151,39.0293,18.2578,42.1051,26.59532498082035,63.9832,9.129488397768133,9223.3021,73.1179,5.39,8.4529,0.0933,54.3996,147.9011,6.9929,-0.311,-0.5865,-0.44875
Kazakhstan,2012,37.5983,39.2145,13.3121,46.0392,35.12279870995605,67.7193,9.162400899865634,9531.9148,73.7237,5.29,5.1957,0.1361,54.6921,174.7094,9.4608,-0.3353,-0.6431,-0.48919999999999997
Kazakhstan,2013,37.5761,38.543,16.0302,49.9733,41.12166984840932,69.6267,9.206304830119638,9959.7259,65.4076,5.2,5.9428,0.1443,55.078,172.9553,11.1573,-0.3373,-0.6798,-0.50855
Kazakhstan,2014,36.896,38.295,14.1934,53.9074,46.7353,70.9475,9.232758213870557,10226.7101,64.972,5.06,6.8494,0.1813,55.5524,160.5026,12.0564,-0.1482,-0.5977,-0.37295
Kazakhstan,2015,36.9701,38.6224,9.8357,55.5041,49.1149,69.9256,9.229762789746978,10196.1226,53.0497,4.93,6.6783,0.1596,56.1106,145.4825,12.7238,-0.0714,-0.4919,-0.28165
Kazakhstan,2016,36.6046,38.6415,9.9243,57.1008,51.4945,72.4519,9.225369201240088,10151.4233,60.3116,4.96,14.3611,0.2798,56.7476,139.0512,12.7965,-0.1354,-0.5109,-0.32315
Kazakhstan,2017,36.0469,38.0948,10.303,58.6975,53.8741,72.7527,9.249971760406213,10404.2719,56.8254,4.9,7.4427,0.336,57.4586,143.1128,13.8114,0.0833,-0.4615,-0.18910000000000002
Kazakhstan,2018,36.1346,37.1794,11.7178,64.30025,59.8872,81.7395,9.27521121288942,10670.212,63.528,4.85,6.1637,0.3446,58.2388,137.6748,13.0002,0.0553,-0.3705,-0.1576
Kazakhstan,2019,35.7794,37.2346,11.7869,69.903,65.9003,82.9779,9.304712302671529,10989.6841,64.8586,4.8,5.3336,0.2786,59.0832,133.8797,13.0799,0.1127,-0.431,-0.15915
Kazakhstan,2020,35.4727,38.3889,8.3188,75.50575,71.9134,92.2902,9.265305337521871,10565.036,57.0264,4.89,6.7182,0.2188,59.9871,124.6985,13.4503,0.0539,-0.4154,-0.18075
Kyrgyz Republic,2011,37.1553,38.7456,15.772075614576442,3.7573,0.0,11.918,6.913223500967705,1005.4832,136.1798,3.644,16.6363,27.5695,35.2467,112.2007,0.6978,-0.4153,-0.9953,-0.7053
Kyrgyz Republic,2012,36.7708,39.6338,17.680405366330795,8.661733333333334,0.9312031583487368,15.587,6.893501474455166,985.8473,139.6759,3.786,2.7684,30.7544,35.2189,119.3334,0.9587,-0.4992,-0.9346,-0.7169
Kyrgyz Republic,2013,36.7102,38.2765,17.542912535747163,13.566166666666668,7.732490592402982,20.5603,6.9752120379187526,1069.784,134.0268,3.881,6.6138,31.0564,35.1851,116.2179,2.3494,-0.4371,-0.9467,-0.6919
Kyrgyz Republic,2014,36.3669,37.7415,17.5487,18.4706,15.093,24.6597,6.9926313027269345,1088.5821,125.1262,4.02,7.5342,30.0321,35.1455,128.2305,2.8941,-0.5415,-0.8193,-0.6804
Kyrgyz Republic,2015,35.8534,37.5703,16.8017,25.627733333333335,22.08236666666667,30.0061,7.008190394748094,1105.6519,110.9616,4.138,6.5033,25.2719,35.1009,126.2844,3.5242,-0.5597,-0.838,-0.69885
Kyrgyz Republic,2016,35.4168,37.1226,16.9492,32.784866666666666,29.071733333333334,30.982,7.028481711924869,1128.3162,105.8236,4.294,0.3888,29.2761,35.0516,124.639,3.9433,-0.3906,-0.8008,-0.5957
Kyrgyz Republic,2017,34.5402,36.5701,17.0463,39.942,36.0611,33.0358,7.053743709527985,1157.1828,100.6174,4.425,3.1753,32.2705,34.9981,136.1376,4.148,-0.2937,-0.7135,-0.5036
Kyrgyz Republic,2018,34.2123,36.3599,17.9989,41.230199999999996,36.902775000000005,36.3014,7.069084105588315,1175.0713,98.8756,4.559,1.5427,32.5056,34.9409,137.7423,3.9518,-0.3502,-0.6922,-0.5212
Kyrgyz Republic,2019,33.7516,36.0072,15.9638,42.5184,37.74445,38.5481,7.091639780408222,1201.877,94.4303,5.45,1.1336,28.7859,34.8805,132.7767,4.1437,-0.4212,-0.7384,-0.5798
Kyrgyz Republic,2020,33.185,37.6041,14.0363,43.8066,38.586124999999996,41.1053,6.996982083432416,1093.3286,78.9923,5.945,6.3254,31.807,34.8174,109.7801,4.3366,-0.4846,-0.7295,-0.60705
Moldova,2011,43.1295,42.8951,15.2403,18.0663,5.636115162205179,35.9965,7.784450139339912,2402.9445,98.6176,2.677,7.6873,21.5478,39.3469,90.442,10.0168,-0.1976,-0.2783,-0.23795
Moldova,2012,43.0626,42.6245,15.5953,17.962766666666667,9.575431920594461,39.0766,7.778666438002582,2389.0867,96.3064,2.189,4.5463,22.8087,39.3614,102.919,12.0173,-0.287,-0.3605,-0.32375
Moldova,2013,43.5676,41.6728,15.4696,17.859233333333332,12.558296346661585,42.5667,7.8655143116756285,2605.8503,95.6873,1.894,4.5979,23.0768,39.4276,108.4517,13.7695,-0.2287,-0.4252,-0.32695
Moldova,2014,43.2456,40.7818,16.8288,17.7557,15.2323,46.0331,7.914910651149045,2737.8019,94.2283,1.45,5.0888,22.0793,39.6298,111.8292,15.233,-0.1363,-0.3649,-0.2506
Moldova,2015,43.9689,41.3559,16.291,26.432366666666667,23.613966666666666,41.9591,7.919193050081189,2749.5514,88.9664,1.781,9.6762,19.751,39.6954,112.9587,16.257,-0.1993,-0.4193,-0.3093
Moldova,2016,44.0635,41.1624,16.4301,35.10903333333333,31.99563333333333,45.9072,7.97623645066786,2910.9549,89.0047,1.591,6.3593,18.3841,39.7373,117.0084,17.2155,-0.2316,-0.4243,-0.32795
Moldova,2017,43.5457,40.6545,17.7274,43.7857,40.3773,49.3343,8.03441490457878,3085.3331,88.6234,1.622,6.5702,17.2146,39.9737,117.321,18.2975,-0.1223,-0.4332,-0.27775
Moldova,2018,43.8613,40.1996,18.0141,48.90065,45.222224999999995,52.2156,8.09193226258873,3267.9961,87.4468,1.239,3.0451,16.3337,40.3258,115.32,19.7584,-0.186,-0.4035,-0.29475
Moldova,2019,43.6291,39.7785,17.6563,54.015600000000006,50.06715,53.1991,8.142842170612175,3438.6773,87.6322,1.502,4.8378,16.2728,40.7723,116.1052,21.5427,-0.1133,-0.3747,-0.244
Moldova,2020,42.7831,40.4242,17.9099,59.13055000000001,54.912075,53.1232,8.067436608345039,3188.9169,79.2657,1.206,3.766,16.2749,41.3369,111.4447,23.4269,-0.1519,-0.3778,-0.26485000000000003
North Macedonia,2011,34.3292,36.3755,16.9997,73.6989,50.25031901880963,55.8522,8.457683136988742,4711.1303,113.1919,31.502,3.9048,4.1366,58.241,108.4676,13.7992,-0.0874,-0.387,-0.23720000000000002
North Macedonia,2012,34.1046,36.4882,16.4167,73.06543333333333,51.74289029765294,54.3609,8.457029449628285,4708.0517,112.2148,31.096,3.3161,4.0446,58.3924,110.2684,15.4034,0.2094,-0.1897,0.009849999999999998
North Macedonia,2013,34.2068,35.9102,15.669,72.43196666666667,54.000151556977634,59.4085,8.489550817053148,4863.6809,104.8572,29.017,2.785,3.4764,58.5787,111.1246,16.8127,0.1454,-0.201,-0.027800000000000005
North Macedonia,2014,34.0794,35.4423,16.2353,71.7985,55.9217,61.2396,8.52788582095498,5053.75,112.5379,28.215,0.0,3.3739,58.8034,111.3426,17.7239,0.2802,-0.1921,0.044050000000000006
North Macedonia,2015,33.8359,35.0156,16.8182,73.3886,59.2129,66.9296,8.568396954796007,5262.6867,113.6984,26.395,0.0,3.2481,59.07,105.212,18.4017,0.2705,-0.2782,-0.0038499999999999923
North Macedonia,2016,33.679,34.3228,16.9512,74.9787,62.5041,66.2923,8.599684615458255,5429.9468,116.1854,24.312,0.0,2.9636,59.3823,104.5499,19.4534,0.2741,-0.3194,-0.022650000000000003
North Macedonia,2017,33.4255,34.0333,17.1611,76.5688,65.7953,65.8566,8.614468457355283,5510.8186,124.1373,22.857,1.3516,3.0506,59.7438,103.4587,20.4183,0.3426,-0.3143,0.014149999999999996
North Macedonia,2018,33.1964,33.6447,17.5749,78.748775,67.92712499999999,66.6129,8.647939536894816,5698.3933,133.2152,21.208,1.4583,2.9897,60.158,102.5723,22.2929,0.3988,-0.2268,0.086
North Macedonia,2019,33.1354,33.2678,17.0833,80.92875000000001,70.05895,67.0421,8.69309163075292,5961.5848,138.5762,17.414,0.7664,2.8131,60.6287,101.2316,23.9403,0.1928,-0.2862,-0.046700000000000005
North Macedonia,2020,32.6939,34.0679,16.127,83.108725,72.190775,64.4908,8.655863494691928,5743.7265,128.2412,16.575,1.2001,3.8029,61.1593,99.4724,25.4041,0.3034,-0.173,0.06520000000000001
Romania,2011,28.0644,32.2442,17.2154,44.5916,21.15454252296849,64.8541,8.992752844834726,8044.5719,76.2714,7.177,5.7893,0.3603,53.9609,115.4718,16.1875,0.3749,0.1521,0.2635
Romania,2012,27.8722,32.0657,17.1452,50.0068,29.42194496515259,65.0131,9.01606187503455,8234.2855,76.5943,6.794,3.3349,0.4094,53.9563,113.3024,17.5675,0.3077,0.1468,0.22725
Romania,2013,27.6866,31.7702,17.7604,55.422000000000004,37.36388230034059,63.941,9.022558945181649,8287.9584,81.3976,7.096,3.9847,2.532,53.9102,114.1908,18.8919,0.3895,0.2051,0.2973
Romania,2014,27.4994,31.5118,17.9382,60.8372,43.3209,65.2122,9.066640194924961,8661.474,83.3751,6.802,1.0683,2.5453,53.8267,114.7827,20.114,0.3877,0.3653,0.3765
Romania,2015,27.234,31.3004,18.9162,59.808733333333336,44.62233333333334,68.7605,9.1024229791811,8977.0175,83.5206,6.812,0.0,3.0308,53.7072,116.3503,21.449,0.4527,0.3856,0.41915
Romania,2016,26.9262,31.1018,17.1093,58.78026666666667,45.923766666666666,67.0021,9.136357585832519,9286.8768,85.8925,5.901,0.0,3.2003,53.5528,115.7908,22.4983,0.4475,0.3702,0.40885
Romania,2017,26.8158,30.5539,15.5817,57.7518,47.2252,67.13,9.220907047503408,10106.227,87.1561,4.927,1.339,3.1196,53.3649,113.7668,24.1489,0.4192,0.3958,0.4075
Romania,2018,26.6051,30.2983,14.4681,60.592725,51.296675,65.0297,9.279322452738247,10714.1701,87.0912,4.187,4.6255,2.8884,53.1446,115.4921,25.9702,0.3853,0.307,0.34614999999999996
Romania,2019,26.2461,30.075,14.5463,63.43365,55.36815,64.7518,9.32342941249924,11197.3163,84.9064,3.912,3.8279,3.2558,52.8932,116.2523,27.0606,0.3572,0.3668,0.362
Romania,2020,25.7619,30.8335,14.2496,66.274575,59.439625,63.2957,9.292293505930479,10854.0494,78.3616,5.035,2.6311,3.0427,52.6119,116.4782,29.3141,0.3027,0.4594,0.38105
Russian Federation,2011,40.1859,42.9716,13.9542,48.1785,32.30010925682809,117.2403,9.11831502419899,9120.8203,48.0354,6.571,8.4405,0.2983,73.8535,141.4512,12.2427,-0.381,-0.6854,-0.5332
Russian Federation,2012,40.1975,42.5913,13.7547,54.58003333333333,42.162227960928995,142.2477,9.155251536257753,9464.0107,47.1514,5.484,5.0747,0.2621,73.9727,144.1982,14.5008,-0.4319,-0.9651,-0.6985
Russian Federation,2013,40.007,42.6398,12.9335,60.981566666666666,50.67478543197445,156.4456,9.16967847922229,9601.5371,46.2871,5.513,6.7547,0.2945,74.0763,150.9642,16.4209,-0.4057,-0.9151,-0.6604
Russian Federation,2014,39.7733,42.5182,13.2554,67.3831,57.72,184.8933,9.158395549600886,9493.8125,47.8013,5.212,7.8202,0.3776,74.1776,152.5129,17.2161,-0.4502,-0.8526,-0.6514
Russian Federation,2015,39.7398,42.72,10.6421,70.17503333333333,61.987633333333335,172.0438,9.135370448449086,9277.7139,49.3593,5.615,15.5344,0.5063,74.2759,156.4186,18.4997,-0.5155,-0.9088,-0.7121500000000001
Russian Federation,2016,39.7079,42.8059,9.1831,72.96696666666666,66.25526666666667,167.7873,9.134465020465727,9269.3174,46.5181,5.591,7.0424,0.5239,74.3703,157.174,18.8798,-0.4243,-0.8671,-0.6456999999999999
Russian Federation,2017,39.7174,42.5112,10.2884,75.7589,70.5229,162.793,9.150483790766037,9418.9961,46.8765,5.238,3.6833,0.5231,74.46,155.4858,21.2764,-0.3965,-0.8372,-0.61685
Russian Federation,2018,39.7487,41.9168,11.4688,79.249,74.745925,159.4548,9.177278512487906,9674.7871,51.5809,4.871,2.8783,0.5604,74.5443,156.6829,21.8963,-0.3577,-0.8325,-0.5951
Russian Federation,2019,39.5939,41.7804,10.9384,82.73910000000001,78.96895,163.2389,9.19847266853845,9882.0244,49.2288,4.513,4.472,0.6162,74.6223,163.6463,22.4233,-0.3542,-0.8668,-0.6105
Russian Federation,2020,39.0937,43.0736,10.7991,86.2292,83.19197500000001,162.2596,9.172879929437135,9632.3252,45.9669,5.62,3.3822,0.6641,74.6932,163.1011,23.1557,-0.445,-0.8254,-0.6352
Tajikistan,2011,41.475,40.7656,10.037176470588236,2.5349,0.0,7.0707,6.696253943308208,809.3682,79.7842,7.04,12.4315,41.738,26.4792,80.8201,0.0642,-0.9934,-1.2277,-1.11055
Tajikistan,2012,42.0564,40.295,10.068058823529412,5.509666666666666,1.9876036113923305,8.8723,6.744670424673238,849.5191,83.1759,7.022,5.8312,42.2158,26.4102,81.4566,0.0674,-0.9521,-1.2277,-1.0899
Tajikistan,2013,42.4303,40.2008,10.098941176470587,8.484433333333332,7.710580710007584,11.0187,6.791089319164149,889.8824,71.7437,7.019,5.0096,43.7684,26.4883,91.7288,0.0706,-0.962,-1.2632,-1.1126
Tajikistan,2014,42.2822,39.7462,10.129823529411764,11.4592,8.7473,13.7698,6.830842916661176,925.971,54.6072,7.024,6.1044,37.136,26.5634,94.9386,0.0724,-0.9411,-1.1408,-1.04095
Tajikistan,2015,43.011,39.4062,10.160705882352941,23.31426666666667,20.476066666666668,14.5152,6.863715926812987,956.9163,49.9378,7.033,5.7146,27.3066,26.4788,98.2087,0.0694,-0.9221,-1.0909,-1.0065
Tajikistan,2016,43.2744,38.8824,10.191588235294118,35.169333333333334,32.20483333333333,14.8372,6.905104368421482,997.3526,55.7246,7.036,6.0046,26.7061,26.3719,106.0274,0.0677,-0.9548,-1.1009,-1.02785
Tajikistan,2017,43.0029,38.6427,10.222470588235295,47.0244,43.9336,12.4128,6.949150453203518,1042.2639,53.7861,7.035,5.417801483206613,29.685,26.2732,109.0035,0.066,-0.7907,-1.1642,-0.9774499999999999
Tajikistan,2018,42.9983,38.485,10.253352941176471,45.14035,41.2335,12.0106,6.998327159848276,1094.8002,55.8461,7.028,5.093819242870385,28.1177,26.2339,107.4422,0.0645,-0.7695,-1.1001,-0.9348000000000001
Tajikistan,2019,43.2154,37.5825,10.284235294117646,43.256299999999996,38.5334,15.2298,7.04607862185167,1148.3468,56.045,7.026,4.278162985303229,27.9718,26.1301,115.3729,0.063,-0.8009,-1.2464,-1.02365
Tajikistan,2020,43.002,37.6737,10.315117647058823,41.37225,35.8333,21.8597,7.0663827515736095,1171.9013,55.7491,7.576,5.00179727840681,26.8849,26.1925,62.2826,0.37,-0.8082,-1.2395,-1.02385
Ukraine,2011,46.4594,47.4782,17.84,41.2686,29.2582383690105,83.0612,7.790745988570354,2418.1208,104.8051,7.851,7.9557,4.6193,68.7234,121.9416,6.9562,-0.7941,-0.7664,-0.78025
Ukraine,2012,46.5442,47.6002,17.6333,45.083999999999996,35.442958447326156,91.3794,7.794382115892701,2426.9294,102.6228,7.529,0.5687,4.6273,68.8242,130.859,8.0376,-0.6915,-0.674,-0.68275
Ukraine,2013,46.715,47.5637,16.8987,48.8994,41.6511320102011,102.4496,7.796640404423962,2432.4163,94.0017,7.17,0.0,5.0746,68.9326,138.4411,8.8584,-0.6663,-0.7206,-0.69345
Ukraine,2014,45.9817,47.5931,17.2943,52.7148,48.3249,93.4998,7.744415444907353,2308.6436,100.6918,9.27,12.0719,5.5085,69.0554,144.2788,9.3062,-0.6229,-0.7255,-0.6742
Ukraine,2015,45.0853,47.7882,20.4514,56.11063333333333,52.45773333333333,85.7329,7.647057679101523,2094.4739,107.8066,9.14,48.6999,9.3089,69.1587,142.003,11.6437,-0.617,-0.6999,-0.65845
Ukraine,2016,45.2024,47.5206,19.6301,59.50646666666666,56.59056666666667,87.3945,7.6760484285049575,2156.083,105.5212,9.35,13.9127,10.1461,69.2102,133.169,12.0343,-0.5227,-0.6453,-0.5840000000000001
Ukraine,2017,45.2354,47.8649,20.0524,62.9023,60.7234,96.251,7.70424975503145,2217.7529,104.035,9.5,14.4383,10.8234,69.2633,131.3565,12.3535,-0.3684,-0.5761,-0.47224999999999995
Ukraine,2018,45.5438,47.3939,20.1426,68.067925,65.876925,95.6773,7.74442558067773,2308.667,99.1998,8.799,10.9519,11.2261,69.3158,127.7539,12.8033,-0.3506,-0.5163,-0.43345
Ukraine,2019,45.9374,46.5629,19.1961,73.23355000000001,71.03045,94.4364,7.782423028964618,2398.0784,90.5112,8.194,7.8867,10.2597,69.3528,130.6294,16.1591,-0.29,-0.5856,-0.43779999999999997
Ukraine,2020,46.0136,46.9246,19.1514,78.399175,76.183975,91.8223,7.751091330329124,2324.1074,79.1565,9.475,2.7325,9.7135,69.3839,129.3412,18.617,-0.3496,-0.567,-0.4583
