country,year,SHADOW (author: WB Informal Economy DB - DGE),SHADOW_MIMIC (author: MIMIC series),TAX,ACCOUNT,DIGPAY,"ATM_per100k (WB, real)",POS_ATM (author: add POS from IMF FAS),CASHLESS_VAL (author: IMF FAS),"CASH (author: currency/M2, IFS/central bank)",GDPPC_USD,OPEN,UNEMP,INFL,REMIT,URBAN,MOBILE,REG_QUALITY,RULE_OF_LAW,INST,MOBILE_COVERAGE (author: ITU),BROADBAND
Albania,2004,,,17.4267,,,4.1914,,,,2567.2976,65.0379,16.306,2.28,15.6707,44.9785,40.6495,-0.2879,-0.5145,-0.4012,,
Albania,2005,,,,,,9.1829,,,,2712.8698,69.1163,15.966,2.3666,15.6202,45.9938,49.7453,-0.3557,-0.6642,-0.51,,0.0088
Albania,2006,,,,,,13.7728,,,,2894.3603,72.2019,15.626,2.3707,14.8567,47.0701,62.6026,-0.1314,-0.6119,-0.3716,,
Albania,2007,,,,,,19.2316,,,,3105.8797,79.9119,15.966,2.9327,13.2053,48.2023,76.8284,-0.0069,-0.5254,-0.2661,,0.3308
Albania,2008,,,,,,28.4233,,,,3345.9816,75.2485,13.06,3.3209,14.0708,49.3851,62.1342,0.0382,-0.4727,-0.2172,,2.1384
Albania,2009,,,,,,32.6728,,,,3459.247,73.3214,13.674,2.2669,13.9248,50.6132,83.1929,0.1277,-0.4057,-0.139,,3.1066
Albania,2010,,,,,,33.8008,,,,3579.8241,75.5325,14.086,3.6271,13.1268,51.8816,91.9299,0.1073,-0.3178,-0.1053,,3.6036
Albania,2011,,,17.9067,28.2681,,35.042,,,,3677.8946,80.699,13.481,3.4281,11.9632,53.2917,106.4742,0.0538,-0.2993,-0.1227,,4.4036
Albania,2012,,,17.5879,,,35.5992,,,,3771.8478,76.9684,13.376,2.0316,11.5933,53.8638,120.2747,-0.0836,-0.4022,-0.2429,,5.5013
Albania,2013,,,16.4765,,,35.4,,,,3895.8998,75.7506,15.866,1.9376,10.0168,54.298,126.7718,-0.0639,-0.4812,-0.2726,,6.2786
Albania,2014,,,18.2081,37.9864,22.4609,34.8217,,,,4045.1193,75.0212,18.055,1.6259,10.6872,54.7326,115.7006,0.0565,-0.2764,-0.1099,,7.1619
Albania,2015,,,18.3813,,,35.3967,,,,4199.5391,71.2794,17.193,1.8962,11.2541,55.1579,117.3297,0.0444,-0.2268,-0.0912,,8.3788
Albania,2016,,,17.4032,,,34.1739,,,,4431.5564,74.0145,15.418,1.2754,10.8937,55.5739,116.284,0.0643,-0.2062,-0.0709,,9.1922
Albania,2017,,,18.5477,40.0152,28.8224,31.813,,,,4648.2308,76.7874,13.616,1.9867,9.8944,55.9803,125.0999,0.1105,-0.2057,-0.0476,,10.4757
Albania,2018,,,18.277,,,30.7623,,,,4893.8238,75.6941,12.304,2.0281,9.4815,56.377,93.8031,0.114,-0.1744,-0.0302,,12.5058
Albania,2019,,,17.931,,,30.1141,,,,5072.4365,75.3821,11.466,1.4111,9.4501,56.7639,91.1635,0.0917,-0.2914,-0.0998,,15.1193
Albania,2020,,,16.8955,,,31.5303,,,,4980.617,59.5207,11.639,1.6209,9.6184,57.1409,91.1881,-0.0196,-0.2567,-0.1381,,17.7209
Albania,2021,,,18.0962,44.1742,34.5529,35.3799,,,,5511.7574,75.5904,11.474,2.0415,9.5295,57.5077,92.4843,-0.0049,-0.2016,-0.1032,,19.6304
Albania,2022,,,18.0608,,,37.1852,,,,5867.651,84.698,10.785,6.7252,9.1772,57.8643,98.395,0.0156,-0.131,-0.0577,,20.6989
Armenia,2004,,,13.9964,,,2.8788,,,,1955.2226,73.0706,10.676,6.9613,22.0186,64.5973,6.7264,0.1844,-0.2471,-0.0313,,0.0331
Armenia,2005,,,14.3357,,,4.6806,,,,2240.0927,70.1397,10.584,0.6389,18.6764,64.5334,10.5791,0.1206,-0.333,-0.1062,,0.0662
Armenia,2006,,,14.396,,,7.2341,,,,2551.4355,61.0301,10.497,2.8924,18.3128,64.4759,42.1272,0.2208,-0.4594,-0.1193,,
Armenia,2007,,,15.9625,,,13.5599,,,,2919.3735,56.975,10.394,4.4074,17.8614,64.4258,63.0765,0.2437,-0.3906,-0.0735,,0.1311
Armenia,2008,,,17.3218,,,21.6261,,,,3141.3319,54.5423,17.1,8.95,16.327,64.3841,48.7164,0.3915,-0.3349,0.0283,,0.4662
Armenia,2009,,,16.5059,,,28.3717,,,,2716.9744,57.2742,19.295,3.4068,16.6492,64.352,74.4012,0.4086,-0.4333,-0.0123,,1.3542
Armenia,2010,,,17.0701,,,32.1122,,,,2796.0814,64.643,19.523,8.1764,18.0268,64.3304,131.8748,0.3844,-0.4413,-0.0285,,3.1929
Armenia,2011,,,17.2194,17.4869,,41.3216,,,,2943.8369,69.4356,18.884,7.65,17.7342,64.3207,109.8501,0.371,-0.387,-0.008,,5.4929
Armenia,2012,,,17.4916,,,48.0384,,,,3159.7586,75.9617,17.511,2.558,18.033,64.3268,113.6974,0.4081,-0.3573,0.0254,,7.2558
Armenia,2013,,,21.5862,,,51.6859,,,,3266.2988,77.555,16.576,5.7897,19.7114,64.3584,114.4997,0.3442,-0.302,0.0211,,8.3167
Armenia,2014,,,21.5992,17.6691,12.2709,57.4444,,,,3393.0925,75.7789,17.498,2.9813,17.9044,64.4143,118.3654,0.1234,-0.4145,-0.1455,,9.3376
Armenia,2015,,,20.9312,,,58.9939,,,,3512.3935,71.6821,18.261,3.7317,14.1327,64.493,118.5991,0.2129,-0.3963,-0.0917,,9.8015
Armenia,2016,,,21.2774,,,60.0613,,,,3533.885,76.078,17.617,-1.4036,13.1075,64.5929,117.6708,0.2425,-0.3081,-0.0328,,10.2498
Armenia,2017,,,20.7807,47.759,41.5157,63.01,,,,3815.3747,87.2024,17.704,0.9696,13.3477,64.7125,119.6764,0.2658,-0.3193,-0.0267,,10.8173
Armenia,2018,,,20.8701,,,65.0353,,,,4027.8339,92.4731,18.966,2.5202,11.9427,64.8503,123,0.2852,-0.2187,0.0333,,11.9399
Armenia,2019,,,22.2852,,,67.8922,,,,4343.4584,97.847,18.304,1.4434,11.2189,65.0047,124.6137,0.2584,-0.248,0.0052,,13.2819
Armenia,2020,,,21.8604,,,67.8456,,,,4032.0904,70.1214,18.175,1.2114,10.4971,65.1742,120.6824,0.2081,-0.0752,0.0665,,14.8884
Armenia,2021,,,22.001,55.3477,47.4709,70.3431,,,,4264.7996,79.2489,15.469,7.1848,11.2172,65.3573,125.3951,0.1972,-0.1028,0.0472,,16.2566
Armenia,2022,,,21.8272,,,69.6382,,,,4791.0048,103.8786,13.451,8.6409,10.8688,65.5624,130.5401,0.0783,-0.2386,-0.0801,,17.7301
Azerbaijan,2004,,,,,,,,,,2111.4534,121.5071,7.99,6.7089,2.3453,52.2832,17.156,-0.6218,-0.7462,-0.684,,
Azerbaijan,2005,,,,,,,,,,2674.3689,115.8419,7.26,9.6795,4.7053,52.5029,26.0781,-0.5422,-0.7239,-0.6331,,0.0254
Azerbaijan,2006,,,,,,16.8342,,,,3556.8321,105.2624,6.62,8.3289,3.7662,52.654,38.1512,-0.4883,-0.7612,-0.6248,,0.0454
Azerbaijan,2007,,,,,,20.1282,,,,4412.2033,96.6418,6.33,16.6998,3.8359,52.8282,51.1876,-0.4496,-0.716,-0.5828,,0.1654
Azerbaijan,2008,,,16.4212,,,22.5049,,,,4778.1245,89.2429,5.86,20.8491,3.1081,53.0633,73.2222,-0.3764,-0.7537,-0.5651,,0.6709
Azerbaijan,2009,,,14.1067,,,24.4844,,,,5118.434,74.744,5.74,1.457,2.8326,53.1358,85.7487,-0.3327,-0.7674,-0.55,,1.1054
Azerbaijan,2010,,,12.1578,,,26.8972,,,,5300.1105,74.986,5.63,5.7269,2.6655,53.2848,99.489,-0.4635,-0.7874,-0.6255,,5.1963
Azerbaijan,2011,,,12.2248,14.9009,,29.8598,,,,5149.2067,80.508,5.42,7.8583,2.8704,53.5085,109.3338,-0.4419,-0.7606,-0.6013,,10.5213
Azerbaijan,2012,,,12.7786,,,31.282,,,,5193.175,78.2631,5.19,1.0662,2.8562,53.8076,107.9885,-0.4894,-0.7516,-0.6205,,14.6072
Azerbaijan,2013,,,13.3883,,,33.2541,,,,5425.9956,74.6758,4.97,2.4157,2.337,54.1821,106.5832,-0.39,-0.6655,-0.5277,,18.0146
Azerbaijan,2014,,,14.2125,29.1515,20.4165,35.5597,,,,5508.6027,69.4832,4.91,1.3734,2.4541,54.6319,109.5667,-0.277,-0.6479,-0.4625,,19.7076
Azerbaijan,2015,,,15.6032,,,36.473,,,,5500.5036,72.6015,4.96,4.0277,2.3927,55.157,109.6821,-0.2618,-0.7054,-0.4836,,19.4759
Azerbaijan,2016,,,14.5203,,,33.2172,,,,5272.7182,90.0773,5,12.4434,1.6984,55.7575,103.2485,-0.2167,-0.6732,-0.445,,18.2771
Azerbaijan,2017,,,13.1335,28.5712,24.5768,32.8245,,,,5229.2526,90.4023,5,12.9359,2.7733,56.4332,101.5899,-0.1854,-0.7128,-0.4491,,18.1092
Azerbaijan,2018,,,12.9436,,,33.8221,,,,5261.9294,91.6726,4.9,2.2685,2.6018,57.1842,102.9873,-0.2005,-0.6534,-0.4269,,18.8342
Azerbaijan,2019,,,14.19,,,35.3867,,,,5346.9532,85.8181,5,2.6106,2.647,58.1308,106.3283,-0.1045,-0.6726,-0.3886,,19.2178
Azerbaijan,2020,,,15.1856,,,35.9399,,,,5087.5002,72.0179,7.24,2.7598,3.2865,58.2935,101.5967,-0.1056,-0.6182,-0.3619,,19.5986
Azerbaijan,2021,,,13.4213,,,38.1193,,,,5349.5823,76.2869,6.04,6.6503,2.7845,58.366,105.6936,-0.0595,-0.6086,-0.3341,,20.0857
Azerbaijan,2022,,,15.4477,46.2587,42.5469,39.1842,,,,5599.5852,86.9823,5.65,13.8523,5.0123,58.4383,107.5063,-0.0606,-0.5485,-0.3045,,20.3656
Belarus,2004,,,18.3713,,,10.856,,,,3520.4045,142.1365,9.463,18.1082,1.0345,71.7659,23.0022,-1.2156,-0.754,-0.9848,,0.0077
Belarus,2005,,,20.1497,,,15.3865,,,,3877.7174,118.8844,8.759,10.3389,0.6574,72.031,42.4035,-1.2548,-0.9279,-1.0913,,0.0162
Belarus,2006,,,22.2231,,,18.9254,,,,4291.6865,124.2951,8.066,6.9971,0.7256,72.6114,62.0314,-1.6115,-1.1616,-1.3865,,0.1188
Belarus,2007,,,23.7267,,,25.6357,,,,4682.2068,128.1539,7.41,8.4268,0.6368,73.0913,72.7795,-1.5356,-1.082,-1.3088,,1.7756
Belarus,2008,,,25.3534,,,30.2044,,,,5177.6453,129.5995,6.728,14.8379,0.9601,73.5532,85.2943,-1.219,-0.9916,-1.1053,,5.0159
Belarus,2009,,,18.6295,,,33.345,,,,5200.7742,108.6356,6.1,12.9457,0.9903,74.191,101.8813,-1.1954,-0.9577,-1.0766,,11.4889
Belarus,2010,,,16.3214,,,37.9288,,,,5616.0941,115.918,6.052,7.7357,1.0052,74.5501,108.8734,-1.171,-0.957,-1.064,,17.5606
Belarus,2011,,,14.5091,58.602,,41.2464,,,,5941.69,157.9743,6.024,53.2287,1.442,75.0598,112.9019,-1.3323,-0.9979,-1.1651,,22.1485
Belarus,2012,,,14.663,,,46.2373,,,,6052.6374,153.0853,5.962,59.2197,1.6032,75.5281,112.8224,-1.0299,-0.7381,-0.884,,26.755
Belarus,2013,,,13.355,,,51.2795,,,,6115.4329,119.816,5.942,18.3123,1.6067,75.9497,117.4335,-1.0356,-0.8223,-0.929,,29.4348
Belarus,2014,,,12.6977,71.985,66.3942,54.8774,,,,6212.9167,110.6514,5.908,18.1196,1.5623,76.3405,120.3661,-0.8947,-0.7472,-0.821,,28.3377
Belarus,2015,,,14.1731,,,55.6528,,,,5967.056,115.9148,5.881,13.5345,1.65,76.6264,120.6696,-1.0026,-0.7317,-0.8671,,30.6041
Belarus,2016,,,13.7882,,,55.449,,,,5811.2016,125.2093,5.844,11.8366,2.0464,76.8459,120.4315,-0.9143,-0.7124,-0.8134,,32.293
Belarus,2017,,,13.019,81.1559,78.6525,55.9022,,,,5964.8967,133.3678,5.648,6.0318,2.2911,77.0208,120.2127,-0.8817,-0.7599,-0.8208,,33.3125
Belarus,2018,,,14.6726,,,54.1512,,,,6165.9132,139.3937,4.763,4.8723,2.4084,77.2133,122.5698,-0.7883,-0.7331,-0.7607,,33.7712
Belarus,2019,,,13.3015,,,54.9042,,,,6267.7351,130.8504,4.165,5.5982,2.2028,77.4551,123.2298,-0.5076,-0.7942,-0.6509,,34.0724
Belarus,2020,,,12.0229,,,55.8414,,,,6251.989,118.9342,4.049,5.5481,1.6517,77.789,125.1647,-0.6831,-0.8602,-0.7716,,34.8152
Belarus,2021,,,12.825,,,57.3866,,,,6457.7305,136.0142,3.9,9.4603,1.9583,78.1311,127.1173,-0.7943,-1.0673,-0.9308,,35.0098
Belarus,2022,,,11.2335,,,55.4221,,,,6206.6191,120.0242,3.574,15.2097,2.519,78.4733,128.315,-1.0761,-1.1591,-1.1176,,34.0672
Bosnia and Herzegovina,2004,,,,,,,,,,3063.8354,81.8127,29.279,,20.2156,43.838,33.9881,-0.3931,-0.4638,-0.4284,,0.1603
Bosnia and Herzegovina,2005,,,19.8861,,,,,,,3217.8134,84.3555,30.218,,18.1571,44.1571,38.9203,-0.3843,-0.5021,-0.4432,,0.3345
Bosnia and Herzegovina,2006,,,21.69,,,14.4894,,,,3419.7589,79.8299,31.11,6.1256,16.704,44.4753,46.4606,-0.3027,-0.4336,-0.3681,,0.9844
Bosnia and Herzegovina,2007,,,21.3943,,,19.4427,,,,3665.0897,83.5519,28.984,1.5008,17.0255,44.7926,61.0557,-0.274,-0.4151,-0.3446,,2.1102
Bosnia and Herzegovina,2008,,,20.3021,,,27.1123,,,,3929.033,86.1629,23.405,7.427,14.2191,45.1091,80.532,-0.208,-0.4659,-0.3369,,4.7741
Bosnia and Herzegovina,2009,,,18.9463,,,41.4185,,,,3877.5354,73.7475,24.068,-0.3815,12.0758,45.4246,83.9539,-0.2086,-0.3865,-0.2975,,7.5291
Bosnia and Herzegovina,2010,,,19.6857,,,34.1224,,,,3981.2099,80.9682,27.312,1.9962,10.6094,45.7392,81.6019,-0.2414,-0.3712,-0.3063,,10.2559
Bosnia and Herzegovina,2011,,,20.3057,56.2116,,37.9765,,,,4094.2533,87.8363,27.582,3.6713,10.5031,46.0529,84.7529,-0.2716,-0.4173,-0.3445,,11.4984
Bosnia and Herzegovina,2012,,,20.4775,,,41.2194,,,,4139.9173,88.1451,28.01,2.0527,10.7142,46.3656,91.4833,-0.2052,-0.1319,-0.1685,,12.7897
Bosnia and Herzegovina,2013,,,19.7515,,,44.4544,,,,4306.7318,87.9312,27.49,-0.093,10.7705,46.6954,96.6063,-0.2014,-0.125,-0.1632,,14.2931
Bosnia and Herzegovina,2014,,,19.7779,52.685,33.0813,46.7779,,,,4412.6762,90.5523,27.517,-0.8972,11.3539,47.1308,97.9342,-0.1859,-0.0895,-0.1377,,15.2155
Bosnia and Herzegovina,2015,,,19.7,,,50.031,,,,4662.2587,88.292,27.695,-1.036,10.9795,47.5712,97.8678,-0.2509,-0.2308,-0.2409,,18.0469
Bosnia and Herzegovina,2016,,,19.7137,,,50.6911,,,,4876.5347,88.244,25.408,-1.584,10.7846,48.0249,98.0144,-0.2439,-0.2095,-0.2267,,19.0748
Bosnia and Herzegovina,2017,,,19.9877,58.8435,50.2657,52.1703,,,,5099.816,96.6459,20.527,0.81,11.0053,48.4918,100.3326,-0.1684,-0.3294,-0.2489,,20.4261
Bosnia and Herzegovina,2018,,,20.141,,,54.1975,,,,5360.252,98.4321,18.4,1.4171,11.047,48.9719,102.1865,-0.3158,-0.3211,-0.3185,,21.1505
Bosnia and Herzegovina,2019,,,19.8266,,,56.7921,,,,5583.2972,94.5161,15.692,0.5628,11.3881,49.465,112.2548,-0.3767,-0.3905,-0.3836,,22.295
Bosnia and Herzegovina,2020,,,18.7506,,,57.0507,,,,5490.7537,82.5216,15.868,-1.0513,9.5473,49.9711,106.3747,-0.3742,-0.3026,-0.3384,,23.3508
Bosnia and Herzegovina,2021,,,19.0981,79.3379,66.5192,57.989,,,,5995.542,96.7391,14.897,1.9816,10.4675,50.4899,114.9116,-0.3798,-0.3075,-0.3437,,24.5891
Bosnia and Herzegovina,2022,,,19.0911,,,59.5437,,,,6327.1621,110.2053,12.657,14.0208,10.5209,51.0215,118.9444,-0.3795,-0.2897,-0.3346,,27.319
Bulgaria,2004,,,21.0296,,,26.4091,,,,4850.1192,93.0639,12.037,6.1471,6.5857,69.9193,61.0333,0.5421,-0.0941,0.224,,0.0858
Bulgaria,2005,,,20.8855,,,34.4677,,,,5231.6054,99.7142,10.083,5.0388,5.3997,70.087,81.1551,0.6354,-0.1161,0.2596,,2.1503
Bulgaria,2006,,,21.812,,,54.8196,,,,5630.0891,111.0475,8.951,7.2616,4.9922,70.5075,108.0248,0.5522,-0.0699,0.2412,,5.0348
Bulgaria,2007,,,21.7606,,,67.5316,,,,6049.0514,123.5326,6.878,8.4025,3.8114,70.6844,130.455,0.5972,-0.0332,0.282,,8.2916
Bulgaria,2008,,,21.9739,,,79.9325,,,,6465.0523,124.6888,5.609,12.3487,3.5215,70.9021,138.3967,0.6293,-0.147,0.2411,,11.1942
Bulgaria,2009,,,18.5865,,,87.7615,,,,6289.0467,92.6926,6.817,2.7532,3.0596,71.3017,139.6208,0.5009,-0.1394,0.1808,,13.3284
Bulgaria,2010,,,17.8714,,,90.5102,,,,6429.046,103.3805,10.279,2.439,2.6294,71.5149,137.1403,0.4827,-0.2998,0.0915,,15.1221
Bulgaria,2011,,,17.8827,52.8249,,93.7032,,,,6605.6462,117.4181,11.26,4.2199,2.5712,72.6102,141.9383,0.3294,-0.3367,-0.0036,,17.0297
Bulgaria,2012,,,18.3853,,,92.8541,,,,6693.7698,123.9713,12.27,2.9546,2.6683,72.7685,147.3379,0.3315,-0.2175,0.057,,18.2007
Bulgaria,2013,,,19.6863,,,94.8192,,,,6793.0825,129.6887,12.941,0.8901,2.9862,72.9633,144.3551,0.2963,-0.2313,0.0325,,19.5682
Bulgaria,2014,,,19.5666,62.9868,51.7619,92.0931,,,,6941.3732,130.2484,11.424,-1.4182,3.0094,73.0845,131.3351,0.3083,-0.2149,0.0467,,20.5011
Bulgaria,2015,,,20.0778,,,93.3991,,,,7269.0259,126.7367,9.143,-0.1046,3.0016,73.1031,128.1033,0.4178,-0.2081,0.1048,,22.4944
Bulgaria,2016,,,20.333,,,97.0266,,,,7586.8917,122.8055,7.575,-0.7986,3.0207,73.175,125.906,0.5564,-0.1981,0.1792,,23.8177
Bulgaria,2017,,,20.5232,72.204,64.9151,98.2475,,,,7899.1106,129.6344,6.164,2.0616,3.5146,73.3905,120.5956,0.538,-0.2333,0.1524,,25.3925
Bulgaria,2018,,,19.9835,,,97.4426,,,,8194.793,129.1665,5.211,2.8145,3.2105,73.6002,119.3945,0.4816,-0.1407,0.1704,,27.1034
Bulgaria,2019,,,20.5951,,,99.1036,,,,8626.575,125.2604,4.148,3.1037,3.1172,73.7162,116.617,0.4581,-0.1406,0.1588,,28.8837
Bulgaria,2020,,,20.1967,,,96.3371,,,,8440.5142,110.4239,5.037,1.6724,2.8166,73.324,114.5967,0.3077,-0.1505,0.0786,,30.5043
Bulgaria,2021,,,20.5918,83.9665,75.2259,94.3425,,,,9161.9454,121.2141,5.166,3.2977,2.3825,73.3468,114.912,0.3229,-0.0377,0.1426,,32.7688
Bulgaria,2022,,,21.7264,,,90.0795,,,,9598.3583,138.8449,4.148,15.3253,2.3114,73.4799,116.6792,0.2476,-0.0998,0.0739,,34.9668
Croatia,2004,,,20.8831,,,,,,,11059.1274,81.646,13.664,2.0554,3.7182,55.5891,65.788,0.3768,0.1523,0.2646,,0.6079
Croatia,2005,,,20.8852,,,63.602,,,,11522.9446,81.493,12.598,3.3172,4.1643,55.5307,84.6024,0.4102,0.1339,0.2721,,2.6936
Croatia,2006,,,21.456,,,72.6462,,,,12104.2947,83.5173,11.13,3.1898,3.8846,55.4686,101.8398,0.3209,0.0338,0.1774,,5.8344
Croatia,2007,,,21.4886,,,82.2625,,,,12718.2002,83.2601,9.909,2.8993,3.7591,55.4077,116.6505,0.3734,0.152,0.2627,,8.9679
Croatia,2008,,,21.2698,,,91.7035,,,,12970.5144,82.0793,8.53,6.077,3.6588,55.3531,105.5659,0.3535,0.0856,0.2195,,12.2372
Croatia,2009,,,20.2772,,,98.8294,,,,12099.7045,69.7025,9.202,2.3785,3.6409,55.3097,108.4557,0.3772,0.1084,0.2428,,16.6419
Croatia,2010,,,20.281,,,104.2736,,,,11965.1415,72.6476,11.62,1.0306,3.878,55.2825,114.5823,0.3131,0.214,0.2636,,19.48
Croatia,2011,,,19.6485,88.391,,109.43,,,,11993.1337,77.7839,13.678,2.2727,4.0135,55.2774,119.4896,0.2745,0.2402,0.2574,,20.8566
Croatia,2012,,,20.1296,,,112.6911,,,,11780.5853,79.0092,16.046,3.4121,3.6226,55.3043,116.7193,0.2064,0.2677,0.237,,21.5819
Croatia,2013,,,20.5988,,,114.3089,,,,11838.4554,80.9196,17.231,2.2166,4.6264,55.3659,111.2818,0.2264,0.2616,0.244,,22.5043
Croatia,2014,,,20.3827,86.0251,76.0833,117.8034,,,,11862.7816,85.2166,17.209,-0.2152,4.6528,55.4592,105.7323,0.1191,0.3591,0.2391,,23.3319
Croatia,2015,,,21.4161,,,124.6391,,,,12283.875,90.6518,16.15,-0.4645,5.2496,55.5813,105.5436,0.1463,0.3335,0.2399,,23.5726
Croatia,2016,,,21.9038,,,129.7263,,,,12848.4737,92.1393,13.015,-1.125,6.1216,55.7294,106.7184,0.1803,0.3048,0.2425,,25.2341
Croatia,2017,,,22.0182,86.1435,83.133,143.1119,,,,13485.3711,97.2452,11.078,1.1294,6.5269,55.901,105.7948,0.2956,0.3433,0.3195,,26.8651
Croatia,2018,,,21.7868,,,151.0676,,,,14061.0597,99.0846,8.322,1.5001,6.5058,56.0932,109.034,0.3956,0.2554,0.3255,,28.0156
Croatia,2019,,,21.9731,,,161.3464,,,,14641.8736,101.3951,6.551,0.7718,6.966,56.3032,110.4938,0.3848,0.31,0.3474,,28.9683
Croatia,2020,,,20.8752,,,146.2132,,,,13545.7402,89.5475,7.389,0.1548,7.2375,56.5285,110.6663,0.2018,0.3487,0.2752,,26.0745
Croatia,2021,,,21.0722,91.8042,87.0846,141.275,,,,15395.2862,102.3276,7.483,2.5545,7.2227,56.7684,112.1694,0.3318,0.4128,0.3723,,26.7158
Croatia,2022,,,21.6759,,,126.6248,,,,16618.3334,125.4108,6.811,10.7806,7.5237,56.9978,114.6772,0.2993,0.4345,0.3669,,27.6607
Georgia,2004,,,15.1023,,,2.1624,,,,2105.0047,79.0407,12.62,5.6563,6.9964,52.7173,20.7256,-0.5059,-0.5358,-0.5209,,0.0468
Georgia,2005,,,16.5426,,,5.876,,,,2321.6008,84.5296,13.81,8.2471,6.957,53.0036,29.1672,-0.3366,-0.5277,-0.4321,,0.0594
Georgia,2006,,,18.5701,,,13.8685,,,,2554.8125,89.1254,13.57,9.161,8.0998,53.3594,42.6335,0.1418,-0.3293,-0.0937,,0.6756
Georgia,2007,,,20.9553,,,26.5913,,,,2891.137,88.3934,13.28,9.2449,8.6805,53.7706,65.5238,0.4072,-0.2271,0.0901,,1.1779
Georgia,2008,,,24.2245,,,42.4174,,,,2970.1586,86.2982,17.87,9.9995,8.3236,54.2233,69.9049,0.5765,-0.228,0.1743,,2.8451
Georgia,2009,,,23.5094,,,43.8634,,,,2887.2561,78.193,20.71,1.7275,10.3244,54.7034,72.392,0.5741,-0.1746,0.1998,,3.8276
Georgia,2010,,,21.1107,,,48.6354,,,,3090.0651,81.6734,20.203,7.1102,9.5272,55.1969,102.1129,0.644,-0.1153,0.2644,,4.6826
Georgia,2011,,,22.6614,32.981,,51.3089,,,,3362.103,85.4659,19.632,8.5429,9.9984,55.6899,114.5169,0.7158,-0.0187,0.3485,,6.4234
Georgia,2012,,,23.0885,,,63.7664,,,,3609.7808,89.7349,19.653,-0.9437,10.4775,56.1684,122.3841,0.6933,0.1864,0.4399,,12.0611
Georgia,2013,,,22.0626,,,68.3718,,,,3806.506,93.8139,19.416,-0.5121,11.1047,56.6182,131.0831,0.7283,0.1218,0.425,,13.5709
Georgia,2014,,,22.0531,39.6651,23.581,71.3003,,,,3960.3508,94.9507,17.439,3.0688,11.0568,57.0238,142.3909,0.8195,0.3528,0.5861,,15.8407
Georgia,2015,,,22.3477,,,70.5255,,,,4086.6223,97.0163,16.506,4.0036,9.582,57.3804,146.3965,0.8099,0.3406,0.5753,,16.7647
Georgia,2016,,,23.0424,,,74.9693,,,,4225.0915,94.9263,16.604,2.1349,9.8467,57.6984,145.8806,0.9448,0.3712,0.658,,17.9596
Georgia,2017,,,23.0135,61.2304,52.9539,76.6984,,,,4442.5074,102.5843,13.939,6.0353,10.8901,57.9997,145.0725,0.9416,0.2232,0.5824,,20.4644
Georgia,2018,,,22.0479,,,78.3546,,,,4713.6535,109.8477,12.667,2.6152,11.3631,58.3038,143.8581,0.8012,0.2664,0.5338,,22.5911
Georgia,2019,,,22.8973,,,85.9058,,,,4975.8115,117.8101,11.565,4.8529,12.8029,58.6304,141.7554,0.8781,0.2144,0.5463,,24.6806
Georgia,2020,,,21.1808,,,91.5696,,,,4659.6093,92.8911,11.734,5.2025,13.1764,58.9991,134.366,0.8062,0.2568,0.5315,,25.512
Georgia,2021,,,21.4729,70.4987,62.1655,96.4981,,,,5175.1987,101.6009,11.785,9.5669,14.0238,59.4294,146.5665,0.8431,0.2251,0.5341,,26.6464
Georgia,2022,,,22.9023,,,99.1948,,,,5736.3045,114.6954,11.621,11.8982,15.4243,60.0102,154.0136,0.7731,0.1818,0.4774,,28.3337
Kazakhstan,2004,,,13.9087,,,9.4703,,,,6233.2944,96.4092,8.4,6.8821,0.133,54.9201,15.4383,-0.8387,-0.9649,-0.9018,,0.0126
Kazakhstan,2005,,,,,,14.0941,,,,6787.4116,97.7625,8.13,7.58,0.1086,54.6482,33.8049,-0.5786,-0.838,-0.7083,,0.0188
Kazakhstan,2006,,,,,,18.6859,,,,7450.3969,91.4535,7.79,8.7217,0.1032,54.4137,48.2854,-0.427,-0.9284,-0.6777,,0.1894
Kazakhstan,2007,,,,,,35.6361,,,,8036.876,92.1616,7.26,10.8468,0.1364,54.2346,75.7982,-0.4277,-0.8239,-0.6258,,1.6631
Kazakhstan,2008,,,,,,50.5107,,,,8216.5218,94.2948,6.63,17.1399,0.0941,54.1288,90.7713,-0.2821,-0.7908,-0.5364,,2.0534
Kazakhstan,2009,,,,,,55.9301,,,,8218.3991,75.7661,6.55,7.3161,0.1719,54.1167,102.6676,-0.3979,-0.7351,-0.5665,,3.4738
Kazakhstan,2010,,,15.7124,,,60.5253,,,,8704.7066,74.1383,5.77,7.4005,0.1524,54.2054,115.2392,-0.3592,-0.7754,-0.5673,,5.1649
Kazakhstan,2011,,,18.2578,42.1051,,63.9832,,,,9223.3021,73.1179,5.39,8.4529,0.0933,54.3996,147.9011,-0.311,-0.5865,-0.4487,,6.9929
Kazakhstan,2012,,,13.3121,,,67.7193,,,,9531.9148,73.7237,5.29,5.1957,0.1361,54.6921,174.7094,-0.3353,-0.6431,-0.4892,,9.4608
Kazakhstan,2013,,,16.0302,,,69.6267,,,,9959.7259,65.4076,5.2,5.9428,0.1443,55.078,172.9553,-0.3373,-0.6798,-0.5085,,11.1573
Kazakhstan,2014,,,14.1934,53.9074,46.7353,70.9475,,,,10226.7101,64.972,5.06,6.8494,0.1813,55.5524,160.5026,-0.1482,-0.5977,-0.373,,12.0564
Kazakhstan,2015,,,9.8357,,,69.9256,,,,10196.1226,53.0497,4.93,6.6783,0.1596,56.1106,145.4825,-0.0714,-0.4919,-0.2817,,12.7238
Kazakhstan,2016,,,9.9243,,,72.4519,,,,10151.4233,60.3116,4.96,14.3611,0.2798,56.7476,139.0512,-0.1354,-0.5109,-0.3231,,12.7965
Kazakhstan,2017,,,10.303,58.6975,53.8741,72.7527,,,,10404.2719,56.8254,4.9,7.4427,0.336,57.4586,143.1128,0.0833,-0.4615,-0.1891,,13.8114
Kazakhstan,2018,,,11.7178,,,81.7395,,,,10670.212,63.528,4.85,6.1637,0.3446,58.2388,137.6748,0.0553,-0.3705,-0.1576,,13.0002
Kazakhstan,2019,,,11.7869,,,82.9779,,,,10989.6841,64.8586,4.8,5.3336,0.2786,59.0832,133.8797,0.1127,-0.431,-0.1592,,13.0799
Kazakhstan,2020,,,8.3188,,,92.2902,,,,10565.036,57.0264,4.89,6.7182,0.2188,59.9871,124.6985,0.0539,-0.4154,-0.1807,,13.4503
Kazakhstan,2021,,,9.4471,81.1085,77.9265,89.3716,,,,10873.3915,58.6686,5.568,8.0415,0.1572,61.0303,123.9439,0.0132,-0.4656,-0.2262,,13.9468
Kazakhstan,2022,,,12.0617,,,87.8854,,,,11058.3482,68.3343,4.86,15.0279,0.2132,61.4442,125.6416,-0.0641,-0.4406,-0.2524,,14.474
Kyrgyz Republic,2004,,,,,,0.6111,,,,831.4821,93.8157,2.68,4.1107,8.0965,35.3059,5.0619,-0.2938,-0.6316,-0.4627,,0.0367
Kyrgyz Republic,2005,,,,,,0.9708,,,,820.7095,95.084,2.816,4.3387,12.7325,35.3031,10.3244,-0.5273,-1.0411,-0.7842,,0.0437
Kyrgyz Republic,2006,,,,,,1.2059,,,,837.138,120.75,2.962,5.5521,16.6917,35.2998,23.8858,-0.5764,-1.1818,-0.8791,,0.0523
Kyrgyz Republic,2007,,,,,,2.3995,,,,900.028,137.0584,3.094,10.2301,18.5139,35.2955,40.8089,-0.4812,-1.0852,-0.7832,,0.0586
Kyrgyz Republic,2008,,,,,,4.7201,,,,966.41,146.1061,3.207,24.5201,23.7993,35.2897,63.5284,-0.4913,-1.2176,-0.8545,,0.3562
Kyrgyz Republic,2009,,,,,,8.3894,,,,981.2209,133.3792,3.343,6.8366,20.9371,35.2816,83.1255,-0.5703,-1.2184,-0.8943,,0.3215
Kyrgyz Republic,2010,,,,,,7.3431,,,,962.7648,133.2329,3.503,7.9677,26.4101,35.2678,96.0617,-0.4726,-1.1675,-0.82,,0.4198
Kyrgyz Republic,2011,,,,3.7573,,11.918,,,,1005.4832,136.1798,3.644,16.6363,27.5695,35.2467,112.2007,-0.4153,-0.9953,-0.7053,,0.6978
Kyrgyz Republic,2012,,,,,,15.587,,,,985.8473,139.6759,3.786,2.7684,30.7544,35.2189,119.3334,-0.4992,-0.9346,-0.7169,,0.9587
Kyrgyz Republic,2013,,,,,,20.5603,,,,1069.784,134.0268,3.881,6.6138,31.0564,35.1851,116.2179,-0.4371,-0.9467,-0.6919,,2.3494
Kyrgyz Republic,2014,,,17.5487,18.4706,15.093,24.6597,,,,1088.5821,125.1262,4.02,7.5342,30.0321,35.1455,128.2305,-0.5415,-0.8193,-0.6804,,2.8941
Kyrgyz Republic,2015,,,16.8017,,,30.0061,,,,1105.6519,110.9616,4.138,6.5033,25.2719,35.1009,126.2844,-0.5597,-0.838,-0.6988,,3.5242
Kyrgyz Republic,2016,,,16.9492,,,30.982,,,,1128.3162,105.8236,4.294,0.3888,29.2761,35.0516,124.639,-0.3906,-0.8008,-0.5957,,3.9433
Kyrgyz Republic,2017,,,17.0463,39.942,36.0611,33.0358,,,,1157.1828,100.6174,4.425,3.1753,32.2705,34.9981,136.1376,-0.2937,-0.7135,-0.5036,,4.148
Kyrgyz Republic,2018,,,17.9989,,,36.3014,,,,1175.0713,98.8756,4.559,1.5427,32.5056,34.9409,137.7423,-0.3502,-0.6922,-0.5212,,3.9518
Kyrgyz Republic,2019,,,15.9638,,,38.5481,,,,1201.877,94.4303,5.45,1.1336,28.7859,34.8805,132.7767,-0.4212,-0.7384,-0.5798,,4.1437
Kyrgyz Republic,2020,,,14.0363,,,41.1053,,,,1093.3286,78.9923,5.945,6.3254,31.807,34.8174,109.7801,-0.4846,-0.7295,-0.607,,4.3366
Kyrgyz Republic,2021,,,16.4913,45.0948,39.4278,41.6139,,,,1132.5547,100.2614,5.149,11.905,32.5635,34.7521,108.1717,-0.5122,-0.8793,-0.6957,,4.4326
Kyrgyz Republic,2022,,,19.542,,,43.622,,,,1212.1781,133.7867,4.767,13.9229,26.9192,34.7003,106.926,-0.526,-0.9265,-0.7263,,5.6048
Moldova,2004,,,16.3574,,,9.6982,,,,1781.1915,132.6991,6.374,12.5243,26.9939,39.4461,19.4481,-0.5613,-0.2336,-0.3975,,0.06
Moldova,2005,,,18.4853,,,13.2975,,,,1919.4455,143.0236,5.633,11.9592,30.6217,39.3704,27.3224,-0.5881,-0.3147,-0.4514,,0.2606
Moldova,2006,,,19.5712,,,15.9959,,,,2017.1773,137.1548,4.26,12.7778,34.4992,39.2182,34.6351,-0.4968,-0.3253,-0.4111,,0.5557
Moldova,2007,,,20.5665,,,19.4493,,,,2082.5126,142.7205,2.749,12.3672,33.8832,39.4315,48.8869,-0.3738,-0.2737,-0.3237,,1.3711
Moldova,2008,,,20.4459,,,24.7128,,,,2249.2259,134.4216,2.097,12.783,31.1821,39.3711,64.1199,-0.293,-0.2945,-0.2937,,3.0487
Moldova,2009,,,17.6853,,,29.3559,,,,2116.9436,110.3633,3.024,-0.0627,24.862,39.3255,57.644,-0.2473,-0.3413,-0.2943,,5.0635
Moldova,2010,,,15.1606,,,32.4354,,,,2269.5112,87.9379,2.972,7.4839,25.1302,39.2805,70.2257,-0.2011,-0.335,-0.2681,,7.4548
Moldova,2011,,,15.2403,18.0663,,35.9965,,,,2402.9445,98.6176,2.677,7.6873,21.5478,39.3469,90.442,-0.1976,-0.2783,-0.2379,,10.0168
Moldova,2012,,,15.5953,,,39.0766,,,,2389.0867,96.3064,2.189,4.5463,22.8087,39.3614,102.919,-0.287,-0.3605,-0.3237,,12.0173
Moldova,2013,,,15.4696,,,42.5667,,,,2605.8503,95.6873,1.894,4.5979,23.0768,39.4276,108.4517,-0.2287,-0.4252,-0.327,,13.7695
Moldova,2014,,,16.8288,17.7557,15.2323,46.0331,,,,2737.8019,94.2283,1.45,5.0888,22.0793,39.6298,111.8292,-0.1363,-0.3649,-0.2506,,15.233
Moldova,2015,,,16.291,,,41.9591,,,,2749.5514,88.9664,1.781,9.6762,19.751,39.6954,112.9587,-0.1993,-0.4193,-0.3093,,16.257
Moldova,2016,,,16.4301,,,45.9072,,,,2910.9549,89.0047,1.591,6.3593,18.3841,39.7373,117.0084,-0.2316,-0.4243,-0.328,,17.2155
Moldova,2017,,,17.7274,43.7857,40.3773,49.3343,,,,3085.3331,88.6234,1.622,6.5702,17.2146,39.9737,117.321,-0.1223,-0.4332,-0.2777,,18.2975
Moldova,2018,,,18.0141,,,52.2156,,,,3267.9961,87.4468,1.239,3.0451,16.3337,40.3258,115.32,-0.186,-0.4035,-0.2948,,19.7584
Moldova,2019,,,17.6563,,,53.1991,,,,3438.6773,87.6322,1.502,4.8378,16.2728,40.7723,116.1052,-0.1133,-0.3747,-0.244,,21.5427
Moldova,2020,,,17.9099,,,53.1232,,,,3188.9169,79.2657,1.206,3.766,16.2749,41.3369,111.4447,-0.1519,-0.3778,-0.2649,,23.4269
Moldova,2021,,,18.3881,64.2455,59.757,55.5755,,,,3688.1673,88.4709,0.794,5.1064,15.4787,41.8115,128.9836,-0.0863,-0.2519,-0.1691,,25.2113
Moldova,2022,,,18.921,,,57.7446,,,,3610.1432,112.1177,0.909,28.7373,14.0294,42.4049,137.1826,-0.0436,-0.1948,-0.1192,,26.3178
Montenegro,2004,,,,,,,,,,4775.3966,100.1097,30.342,,,62.2105,76.3334,,0.1537,,,
Montenegro,2005,,,,,,14.3092,,,,4967.6829,104.6251,30.31,,,62.6764,85.6746,,0.1523,,,1.2089
Montenegro,2006,,,,,,26.0509,,,,5386.5358,118.1771,24.815,2.9245,,63.1113,101.5476,-0.3619,0.0522,-0.1548,,
Montenegro,2007,,,,,,40.112,,,,5763.0377,128.8442,19.4,4.3471,5.3339,63.5036,142.095,-0.1431,-0.0277,-0.0854,,2.8185
Montenegro,2008,,,,,,53.0332,,,,6149.6827,132.4805,17.15,8.7587,6.5382,63.8414,182.9883,-0.0367,-0.0448,-0.0408,,6.281
Montenegro,2009,,,,,,60.0189,,,,5768.6544,99.8256,19.09,3.4667,7.2893,64.1131,204.6314,0.0424,-0.0392,0.0016,,9.381
Montenegro,2010,,,,,,64.156,,,,5917.9151,98.8685,19.649,0.6549,10.055,64.307,185.1008,-0.0476,-0.1053,-0.0765,,10.2304
Montenegro,2011,,,,50.438,,66.0761,,,,6110.6573,106.7527,19.759,3.4501,11.3067,64.4211,183.2044,-0.0548,-0.1621,-0.1084,,10.2281
Montenegro,2012,,,,,,69.3862,,,,5948.3763,108.78,19.808,4.1452,12.4637,64.5244,156.402,0.0227,-0.0748,-0.0261,,13.8536
Montenegro,2013,,,,,,71.3301,,,,6138.2487,103.786,19.585,2.2059,12.3314,64.6253,156.9644,0.0618,-0.054,0.0039,,15.117
Montenegro,2014,,,,59.826,43.8706,70.7501,,,,6272.0882,100.4384,18.054,-0.7105,11.8646,64.7232,160.4904,0.2298,-0.0474,0.0912,,16.4503
Montenegro,2015,,,,,,75.9221,,,,6421.0001,104.1251,17.555,1.5487,11.7115,64.8182,160.455,0.2612,-0.0129,0.1241,,17.893
Montenegro,2016,,,,,,77.749,,,,6634.382,104.136,17.732,-0.2714,11.0349,64.9102,166.7199,0.2706,-0.0366,0.117,,18.3978
Montenegro,2017,,,,68.3618,59.795,80.7485,,,,6840.9083,106.7114,16.082,2.3802,10.8868,64.9992,168.4648,0.3423,-0.0823,0.13,,22.1614
Montenegro,2018,,,,,,86.7011,,,,7159.4678,111.0989,15.19,2.6112,10.8385,65.0854,184.2191,0.2926,0.065,0.1788,,25.825
Montenegro,2019,,,,,,80.7709,,,,7470.2924,110.0161,15.128,0.3616,10.6556,65.1687,188.174,0.2944,0.0785,0.1865,,29.2285
Montenegro,2020,,,,,,81.3996,,,,6351.9519,87.8612,17.878,-0.2557,12.6886,65.2491,177.6652,0.2465,0.1134,0.1799,,30.2953
Montenegro,2021,,,,,,76.938,,,,7198.3012,105.7192,16.543,2.4108,13.605,65.3266,185.4885,0.221,0.0178,0.1194,,31.1809
Montenegro,2022,,,,,,81.2344,,,,7773.5996,125.4559,14.851,13.0403,13.2617,65.4013,207.2781,0.2592,-0.0546,0.1023,,31.8922
North Macedonia,2004,,,,,,,,,,3473.7654,80.8705,37.161,-0.4487,3.7484,57.8528,47.2352,-0.1256,-0.3144,-0.22,,
North Macedonia,2005,,,18.4251,,,9.9413,,,,3657.5631,85.841,37.32,0.5255,3.6201,57.8614,54.1201,-0.1863,-0.3769,-0.2816,,0.5951
North Macedonia,2006,,,18.0827,,,18.8012,,,,3866.7465,92.5517,36.392,3.2136,3.885,57.8797,60.4931,0.0721,-0.5175,-0.2227,,1.7463
North Macedonia,2007,,,19.0748,,,33.5126,,,,4140.6335,106.093,35.231,2.2518,4.1386,57.9111,86.1891,0.127,-0.383,-0.128,,4.8275
North Macedonia,2008,,,18.5239,,,48.2676,,,,4392.5507,111.5701,33.93,8.3319,4.1034,57.9594,95.0115,0.1611,-0.3105,-0.0747,,8.741
North Macedonia,2009,,,17.1296,,,52.8713,,,,4405.2005,87.1768,32.351,-0.7396,4.0541,58.028,94.3035,0.1964,-0.2922,-0.0479,,11.2969
North Macedonia,2010,,,16.8657,,,55.3553,,,,4582.3652,97.8811,33.135,1.51,4.1238,58.1207,104.9681,-0.1119,-0.4166,-0.2642,,12.6123
North Macedonia,2011,,,16.9997,73.6989,,55.8522,,,,4711.1303,113.1919,31.502,3.9048,4.1366,58.241,108.4676,-0.0874,-0.387,-0.2372,,13.7992
North Macedonia,2012,,,16.4167,,,54.3609,,,,4708.0517,112.2148,31.096,3.3161,4.0446,58.3924,110.2684,0.2094,-0.1897,0.0098,,15.4034
North Macedonia,2013,,,15.669,,,59.4085,,,,4863.6809,104.8572,29.017,2.785,3.4764,58.5787,111.1246,0.1454,-0.201,-0.0278,,16.8127
North Macedonia,2014,,,16.2353,71.7985,55.9217,61.2396,,,,5053.75,112.5379,28.215,-0.2817,3.3739,58.8034,111.3426,0.2802,-0.1921,0.0441,,17.7239
North Macedonia,2015,,,16.8182,,,66.9296,,,,5262.6867,113.6984,26.395,-0.2999,3.2481,59.07,105.212,0.2705,-0.2782,-0.0038,,18.4017
North Macedonia,2016,,,16.9512,,,66.2923,,,,5429.9468,116.1854,24.312,-0.2393,2.9636,59.3823,104.5499,0.2741,-0.3194,-0.0227,,19.4534
North Macedonia,2017,,,17.1611,76.5688,65.7953,65.8566,,,,5510.8186,124.1373,22.857,1.3516,3.0506,59.7438,103.4587,0.3426,-0.3143,0.0141,,20.4183
North Macedonia,2018,,,17.5749,,,66.6129,,,,5698.3933,133.2152,21.208,1.4583,2.9897,60.158,102.5723,0.3988,-0.2268,0.086,,22.2929
North Macedonia,2019,,,17.0833,,,67.0421,,,,5961.5848,138.5762,17.414,0.7664,2.8131,60.6287,101.2316,0.1928,-0.2862,-0.0467,,23.9403
North Macedonia,2020,,,16.127,,,64.4908,,,,5743.7265,128.2412,16.575,1.2001,3.8029,61.1593,99.4724,0.3034,-0.173,0.0652,,25.4041
North Macedonia,2021,,,17.393,85.2887,74.3226,64.5087,,,,6064.9232,146.7214,15.801,3.2307,3.4974,61.6842,104.8751,0.2239,-0.1171,0.0534,,26.9449
North Macedonia,2022,,,17.6879,,,66.7906,,,,6250.6272,166.1474,14.476,14.2047,3.277,61.9531,111.3031,0.2226,-0.1802,0.0212,,28.0036
Romania,2004,,,17.4213,,,18.3377,,,,6008.6405,60.6265,7.719,11.8744,0.1747,52.9175,47.7283,-0.1153,-0.1501,-0.1327,,0.4871
Romania,2005,,,17.4681,,,24.3084,,,,6328.0902,59.3605,7.174,9.0149,0.9667,53.0745,62.9515,-0.0098,-0.0911,-0.0505,,1.7776
Romania,2006,,,17.9471,,,33.8176,,,,6876.7784,61.6836,7.27,6.5585,0.951,53.2566,76.0183,0.3233,0.0199,0.1716,,5.1817
Romania,2007,,,17.5395,,,42.3394,,,,7483.9738,63.5052,6.413,4.8373,0.9303,53.4473,97.7446,0.3933,0.0449,0.2191,,9.3538
Romania,2008,,,16.7861,,,53.4039,,,,8318.0034,65.1752,5.787,7.8508,0.7943,53.6298,118.1056,0.3987,0.0926,0.2457,,12.1504
Romania,2009,,,15.2721,,,56.517,,,,7924.8706,58.4701,6.859,5.5874,0.392,53.7875,121.9813,0.339,0.119,0.229,,13.6687
Romania,2010,,,16.2393,,,59.2195,,,,7660.7067,69.9549,6.959,6.0914,0.3771,53.9038,119.2214,0.4222,0.1037,0.263,,14.6854
Romania,2011,,,17.2154,44.5916,,64.8541,,,,8044.5719,76.2714,7.177,5.7893,0.3603,53.9609,115.4718,0.3749,0.1521,0.2635,,16.1875
Romania,2012,,,17.1452,,,65.0131,,,,8234.2855,76.5943,6.794,3.3349,0.4094,53.9563,113.3024,0.3077,0.1468,0.2273,,17.5675
Romania,2013,,,17.7604,,,63.941,,,,8287.9584,81.3976,7.096,3.9847,2.532,53.9102,114.1908,0.3895,0.2051,0.2973,,18.8919
Romania,2014,,,17.9382,60.8372,43.3209,65.2122,,,,8661.474,83.3751,6.802,1.0683,2.5453,53.8267,114.7827,0.3877,0.3653,0.3765,,20.114
Romania,2015,,,18.9162,,,68.7605,,,,8977.0175,83.5206,6.812,-0.5942,3.0308,53.7072,116.3503,0.4527,0.3856,0.4192,,21.449
Romania,2016,,,17.1093,,,67.0021,,,,9286.8768,85.8925,5.901,-1.5448,3.2003,53.5528,115.7908,0.4475,0.3702,0.4088,,22.4983
Romania,2017,,,15.5817,57.7518,47.2252,67.13,,,,10106.227,87.1561,4.927,1.339,3.1196,53.3649,113.7668,0.4192,0.3958,0.4075,,24.1489
Romania,2018,,,14.4681,,,65.0297,,,,10714.1701,87.0912,4.187,4.6255,2.8884,53.1446,115.4921,0.3853,0.307,0.3461,,25.9702
Romania,2019,,,14.5463,,,64.7518,,,,11197.3163,84.9064,3.912,3.8279,3.2558,52.8932,116.2523,0.3572,0.3668,0.362,,27.0606
Romania,2020,,,14.2496,,,63.2957,,,,10854.0494,78.3616,5.035,2.6311,3.0427,52.6119,116.4782,0.3027,0.4594,0.381,,29.3141
Romania,2021,,,14.9923,69.1155,63.5111,63.1522,,,,11546.3225,87.0712,5.59,5.0523,3.1977,52.2322,119.1231,0.3146,0.4616,0.3881,,31.695
Romania,2022,,,16.4562,,,63.384,,,,12076.3034,93.9497,5.614,13.7955,2.9735,52.1635,121.1419,0.3937,0.4352,0.4144,,33.2116
Russian Federation,2004,,,13.234,,,16.2284,,,,6856.6782,56.5819,7.763,10.8886,0.3734,73.3066,50.7798,-0.1538,-0.7917,-0.4728,,0.4649
Russian Federation,2005,,,16.6229,,,22.8293,,,,7323.3853,56.7132,7.124,12.6853,0.4498,73.1614,82.9888,-0.2339,-0.9194,-0.5766,,1.0989
Russian Federation,2006,,,16.5682,,,32.4439,,,,7949.897,54.7334,7.055,9.6687,0.3859,73.2439,104.56,-0.3144,-0.9436,-0.629,,2.0125
Russian Federation,2007,,,16.5513,,,45.0578,,,,8640.4062,51.7061,6.002,9.0073,0.359,73.3856,119.0048,-0.1586,-0.914,-0.5363,,3.4061
Russian Federation,2008,,,15.8181,,,61.7427,,,,9093.7002,53.3825,6.205,14.1108,0.3454,73.4822,138.7385,-0.2973,-0.9755,-0.6364,,6.4529
Russian Federation,2009,,,12.9564,,,72.6403,,,,8381.8682,48.4351,8.301,11.6473,0.4175,73.5289,159.9023,-0.3406,-0.9733,-0.657,,8.9665
Russian Federation,2010,,,13.0483,,,95.8605,,,,8755.1201,50.3555,7.407,6.8494,0.3443,73.6696,165.1371,-0.362,-0.93,-0.646,,10.9077
Russian Federation,2011,,,13.9542,48.1785,,117.2403,,,,9120.8203,48.0354,6.571,8.4405,0.2983,73.8535,141.4512,-0.381,-0.6854,-0.5332,,12.2427
Russian Federation,2012,,,13.7547,,,142.2477,,,,9464.0107,47.1514,5.484,5.0747,0.2621,73.9727,144.1982,-0.4319,-0.9651,-0.6985,,14.5008
Russian Federation,2013,,,12.9335,,,156.4456,,,,9601.5371,46.2871,5.513,6.7547,0.2945,74.0763,150.9642,-0.4057,-0.9151,-0.6604,,16.4209
Russian Federation,2014,,,13.2554,67.3831,57.72,184.8933,,,,9493.8125,47.8013,5.212,7.8202,0.3776,74.1776,152.5129,-0.4502,-0.8526,-0.6514,,17.2161
Russian Federation,2015,,,10.6421,,,172.0438,,,,9277.7139,49.3593,5.615,15.5344,0.5063,74.2759,156.4186,-0.5155,-0.9088,-0.7122,,18.4997
Russian Federation,2016,,,9.1831,,,167.7873,,,,9269.3174,46.5181,5.591,7.0424,0.5239,74.3703,157.174,-0.4243,-0.8671,-0.6457,,18.8798
Russian Federation,2017,,,10.2884,75.7589,70.5229,162.793,,,,9418.9961,46.8765,5.238,3.6833,0.5231,74.46,155.4858,-0.3965,-0.8372,-0.6169,,21.2764
Russian Federation,2018,,,11.4688,,,159.4548,,,,9674.7871,51.5809,4.871,2.8783,0.5604,74.5443,156.6829,-0.3577,-0.8325,-0.5951,,21.8963
Russian Federation,2019,,,10.9384,,,163.2389,,,,9882.0244,49.2288,4.513,4.472,0.6162,74.6223,163.6463,-0.3542,-0.8668,-0.6105,,22.4233
Russian Federation,2020,,,10.7991,,,162.2596,,,,9632.3252,45.9669,5.62,3.3822,0.6641,74.6932,163.1011,-0.445,-0.8254,-0.6352,,23.1557
Russian Federation,2021,,,11.6966,89.7193,87.415,154.6648,,,,10231.3184,50.5862,4.749,6.6945,0.5274,74.7517,169.0726,-0.372,-0.9028,-0.6374,,23.7409
Russian Federation,2022,,,10.8437,,,146.1123,,,,10119.1152,42.7663,3.867,13.7437,0.1416,74.8545,168.4758,-0.8919,-1.0549,-0.9734,,24.6346
Serbia,2004,,,,,,,,,,4527.435,72.2876,18.5,11.0264,,57.3145,51.1718,-0.6599,-0.7451,-0.7025,,
Serbia,2005,,,,,,13.2641,,,,4809.1384,71.9925,20.85,16.12,,57.7509,73.72,-0.7171,-0.8771,-0.7971,,0.448
Serbia,2006,,,,,,21.4036,,,,5016.4129,75.5292,20.85,11.724,,58.1709,89.3759,-0.5818,-0.4331,-0.5074,,1.6376
Serbia,2007,,,20.4873,,,33.0032,,,,5431.2789,72.7166,18.06,6.3917,8.3858,58.5577,114.2961,-0.4206,-0.2646,-0.3426,,4.4045
Serbia,2008,,,20.3575,,,39.7868,,,,5735.9477,75.7432,13.67,12.411,6.539,58.8945,130.6946,-0.4003,-0.3819,-0.3911,,6.2119
Serbia,2009,,,19.2409,,,43.5462,,,,5578.012,63.5017,16.116,8.117,9.9026,59.1643,135.3233,-0.3494,-0.4117,-0.3805,,8.0627
Serbia,2010,,,19.4314,,,45.8071,,,,5690.7033,73.7089,19.204,6.1426,9.4574,59.3506,136.015,-0.2819,-0.4156,-0.3488,,11.7957
Serbia,2011,,,18.3138,62.2162,,45.6646,,,,5737.0012,75.7494,22.959,11.1374,7.7286,59.4349,141.0434,-0.278,-0.2317,-0.2549,,13.4423
Serbia,2012,,,17.8146,,,45.1317,,,,5739.3075,82.0767,24,7.3304,7.863,59.3468,127.1992,-0.2769,-0.2133,-0.2451,,14.8105
Serbia,2013,,,19.9874,,,43.5251,,,,5793.3361,84.3323,22.154,7.6943,7.9769,59.6111,128.6681,-0.2483,-0.2037,-0.226,,16.4164
Serbia,2014,,,21.0522,83.0923,63.6551,43.073,,,,5716.5405,88.3815,19.223,2.0824,7.5254,59.8779,131.3531,0.0018,-0.0706,-0.0344,,16.7418
Serbia,2015,,,21.4667,,,44.5061,,,,5820.3216,93.5281,17.66,1.3924,8.1614,60.1388,129.3836,0.0775,-0.0388,0.0193,,18.6569
Serbia,2016,,,22.4445,,,49.3333,,,,6024.9575,97.6907,15.257,1.1223,7.5911,60.3854,129.1775,-0.0089,-0.0692,-0.0391,,20.6094
Serbia,2017,,,23.129,71.441,66.1068,44.6226,,,,6200.2612,102.7404,13.477,3.1311,7.8082,60.6212,123.1428,0.0176,-0.1001,-0.0412,,21.1493
Serbia,2018,,,22.6385,,,47.575,,,,6524.0803,105.5637,12.733,1.9598,8.4217,60.8434,121.0748,0.0897,-0.0999,-0.0051,,22.2891
Serbia,2019,,,23.0003,,,49.586,,,,6870.7581,107.5773,10.395,1.8492,7.8677,61.0492,122.0477,0.0643,-0.0653,-0.0005,,23.4425
Serbia,2020,,,22.4302,,,51.4265,,,,6850.9674,100.3245,9.011,1.5755,6.9237,61.2232,120.2169,0.0653,-0.1349,-0.0348,,25.1835
Serbia,2021,,,19.661,89.4157,87.4852,52.8815,,,,7465.676,112.3423,9.843,4.0851,6.9494,61.3639,125.0756,0.0556,-0.1926,-0.0685,,26.4794
Serbia,2022,,,23.893,,,53.8036,,,,7862.9539,131.9133,8.439,11.9815,8.5379,61.9014,129.8131,0.0893,-0.156,-0.0333,,29.3458
Tajikistan,2004,,,9.821,,,,,,,590.9571,128.3382,3.45,7.142,12.1378,26.5328,1.9881,-1.0398,-0.9231,-0.9815,,
Tajikistan,2005,,,,,,0.6749,,,,618.3337,126.9947,3.45,7.0919,24.407,26.5325,3.8269,-0.9735,-1.0588,-1.0162,,
Tajikistan,2006,,,,,,1.3589,,,,649.1633,141.1539,3.65,10.0109,34.4804,26.5321,30.4638,-1.0752,-1.1515,-1.1134,,
Tajikistan,2007,,,,,,2.0764,,,,686.4809,145.5281,2.874,13.1491,40.696,26.5315,29.6445,-1.0484,-1.1643,-1.1063,,0.0507
Tajikistan,2008,,,,,,2.8486,,,,726.1855,114.4801,4.942,20.4705,44.1265,26.5306,50.0588,-1.0591,-1.1783,-1.1187,,0.0498
Tajikistan,2009,,,,,,3.8029,,,,739.2129,85.9781,7.028,6.4482,31.4438,26.5292,65.4186,-1.0755,-1.2189,-1.1472,,0.0587
Tajikistan,2010,,,,,,4.7918,,,,770.6041,73.493,7.037,6.4453,35.8104,26.5274,77.6363,-0.9974,-1.2143,-1.1058,,0.0614
Tajikistan,2011,,,,2.5349,,7.0707,,,,809.3682,79.7842,7.04,12.4315,41.738,26.4792,80.8201,-0.9934,-1.2277,-1.1105,,0.0642
Tajikistan,2012,,,,,,8.8723,,,,849.5191,83.1759,7.022,5.8312,42.2158,26.4102,81.4566,-0.9521,-1.2277,-1.0899,,0.0674
Tajikistan,2013,,,,,,11.0187,,,,889.8824,71.7437,7.019,5.0096,43.7684,26.4883,91.7288,-0.962,-1.2632,-1.1126,,0.0706
Tajikistan,2014,,,,11.4592,8.7473,13.7698,,,,925.971,54.6072,7.024,6.1044,37.136,26.5634,94.9386,-0.9411,-1.1408,-1.041,,0.0724
Tajikistan,2015,,,,,,14.5152,,,,956.9163,49.9378,7.033,5.7146,27.3066,26.4788,98.2087,-0.9221,-1.0909,-1.0065,,0.0694
Tajikistan,2016,,,,,,14.8372,,,,997.3526,55.7246,7.036,6.0046,26.7061,26.3719,106.0274,-0.9548,-1.1009,-1.0278,,0.0677
Tajikistan,2017,,,,47.0244,43.9336,12.4128,,,,1042.2639,53.7861,7.035,,29.685,26.2732,109.0035,-0.7907,-1.1642,-0.9774,,0.066
Tajikistan,2018,,,,,,12.0106,,,,1094.8002,55.8461,7.028,,28.1177,26.2339,107.4422,-0.7695,-1.1001,-0.9348,,
Tajikistan,2019,,,,,,15.2298,,,,1148.3468,56.045,7.026,,27.9718,26.1301,115.3729,-0.8009,-1.2464,-1.0236,,0.063
Tajikistan,2020,,,,,,21.8597,,,,1171.9013,55.7491,7.576,,26.8849,26.1925,62.2826,-0.8082,-1.2395,-1.0238,,0.37
Tajikistan,2021,,,10.346,39.4882,33.1332,23.5706,,,,1254.07,71.8259,7.687,,32.6894,26.1992,64.0875,-0.8413,-1.2592,-1.0503,,0.496
Tajikistan,2022,,,10.3443,,,28.2488,,,,1325.7555,65.4355,7.051,,49.8953,26.1957,63.8442,-0.8423,-1.1993,-1.0208,,0.5852
Turkmenistan,2004,,,,,,,,,,2365.7219,59.32,8.419,,,46.7375,1.0105,-1.8552,-1.1886,-1.5219,,
Turkmenistan,2005,,,,,,,,,,2624.2316,53.9723,7.495,,,46.7729,2.0783,-2.0857,-1.5507,-1.8182,,
Turkmenistan,2006,,,,,,,,,,2858.5322,52.4473,6.601,,,46.806,4.2134,-2.0866,-1.5011,-1.7938,,
Turkmenistan,2007,,,,,,,,,,3115.9793,56.2778,5.719,,,46.837,7.2782,-1.9616,-1.4446,-1.7031,,
Turkmenistan,2008,,,,,,,,,,3506.5045,94.7241,4.852,,,46.8658,21.2375,-1.8806,-1.4014,-1.641,,0.0014
Turkmenistan,2009,,,,,,,,,,3647.6781,104.9522,4,,,46.8925,39.1242,-1.9109,-1.4036,-1.6572,,0.0085
Turkmenistan,2010,,,,,,,,,,3902.542,97.2464,4,,,46.9172,57.4662,-1.8095,-1.4044,-1.607,,0.013
Turkmenistan,2011,,,,0.4049,,,,,,4383.1438,118.0955,4.003,,,46.9398,93.2538,-1.8504,-1.4017,-1.626,,0.0194
Turkmenistan,2012,,,,,,,,,,4762.6605,119.177,3.994,,,46.9603,101.5745,-1.7992,-1.4033,-1.6012,,0.0241
Turkmenistan,2013,,,,,,,,,,5131.1409,109.4812,3.993,,,46.9788,103.131,-1.7996,-1.419,-1.6093,,0.0303
Turkmenistan,2014,,,,,,,,,,5535.5016,102.7609,4.005,,,46.9954,118.6134,-1.7373,-1.4533,-1.5953,,0.0379
Turkmenistan,2015,,,,,,,,,,5759.4979,73.228,4.016,,,47.01,126.163,-1.7347,-1.4449,-1.5898,,0.4537
Turkmenistan,2016,,,,,,,,,,5979.4763,58.2932,4.026,,,47.0227,134.8262,-1.789,-1.4741,-1.6315,,0.7344
Turkmenistan,2017,,,,40.5764,34.2975,,,,,6221.4196,47.3984,4.035,,,47.0335,,-1.7884,-1.4803,-1.6343,,1.1562
Turkmenistan,2018,,,,,,,,,,6460.1302,41.6379,4.036,,,47.0424,87.773,-1.7587,-1.4833,-1.621,,1.7136
Turkmenistan,2019,,,,,,,,,,6719.3232,37.6561,4.035,,,47.0495,88.2099,-1.7092,-1.5949,-1.6521,,2.5967
Turkmenistan,2020,,,,,,,,,,6964.3816,29.9542,4.489,,,47.0547,88.703,-1.7107,-1.5304,-1.6206,,3.4042
Turkmenistan,2021,,,,,,,,,,7244.6139,33.4125,4.458,,,47.0581,88.1929,-1.7112,-1.5826,-1.6469,,4.0826
Turkmenistan,2022,,,,,,,,,,7549.253,37.8107,4.017,,,47.0592,,-1.7128,-1.4336,-1.5732,,5.2171
Ukraine,2004,,,12.8141,,,19.904,,,,2042.4449,109.9817,8.59,9.0481,2.7864,67.5971,29.0897,-0.4457,-0.7663,-0.606,,
Ukraine,2005,,,16.5288,,,27.9006,,,,2122.6016,94.6476,7.18,13.5696,2.6984,67.8136,64.0054,-0.4233,-0.7815,-0.6024,,0.2772
Ukraine,2006,,,17.0922,,,36.3426,,,,2298.1323,89.1811,6.81,9.0525,2.7725,68.0293,105.2768,-0.3385,-0.7056,-0.5221,,1.1155
Ukraine,2007,,,15.818,,,51.7716,,,,2498.3521,88.0466,6.351,12.8388,3.5567,68.2102,119.0876,-0.3296,-0.6541,-0.4919,,1.7246
Ukraine,2008,,,17.0917,,,69.461,,,,2567.6941,94.1719,6.363,25.2265,3.6053,68.3752,120.5581,-0.5992,-0.6449,-0.622,,3.4642
Ukraine,2009,,,15.7892,,,72.2053,,,,2188.1702,87.4762,8.84,15.8812,4.8876,68.5251,119.4564,-0.668,-0.7077,-0.6879,,4.1477
Ukraine,2010,,,14.9975,,,75.5959,,,,2285.9338,95.7297,8.1,9.3729,4.6279,68.6374,117.7678,-0.582,-0.8087,-0.6953,,6.4549
Ukraine,2011,,,17.84,41.2686,,83.0612,,,,2418.1208,104.8051,7.851,7.9557,4.6193,68.7234,121.9416,-0.7941,-0.7664,-0.7802,,6.9562
Ukraine,2012,,,17.6333,,,91.3794,,,,2426.9294,102.6228,7.529,0.5687,4.6273,68.8242,130.859,-0.6915,-0.674,-0.6827,,8.0376
Ukraine,2013,,,16.8987,,,102.4496,,,,2432.4163,94.0017,7.17,-0.2389,5.0746,68.9326,138.4411,-0.6663,-0.7206,-0.6935,,8.8584
Ukraine,2014,,,17.2943,52.7148,48.3249,93.4998,,,,2308.6436,100.6918,9.27,12.0719,5.5085,69.0554,144.2788,-0.6229,-0.7255,-0.6742,,9.3062
Ukraine,2015,,,20.4514,,,85.7329,,,,2094.4739,107.8066,9.14,48.6999,9.3089,69.1587,142.003,-0.617,-0.6999,-0.6584,,11.6437
Ukraine,2016,,,19.6301,,,87.3945,,,,2156.083,105.5212,9.35,13.9127,10.1461,69.2102,133.169,-0.5227,-0.6453,-0.584,,12.0343
Ukraine,2017,,,20.0524,62.9023,60.7234,96.251,,,,2217.7529,104.035,9.5,14.4383,10.8234,69.2633,131.3565,-0.3684,-0.5761,-0.4722,,12.3535
Ukraine,2018,,,20.1426,,,95.6773,,,,2308.667,99.1998,8.799,10.9519,11.2261,69.3158,127.7539,-0.3506,-0.5163,-0.4335,,12.8033
Ukraine,2019,,,19.1961,,,94.4364,,,,2398.0784,90.5112,8.194,7.8867,10.2597,69.3528,130.6294,-0.29,-0.5856,-0.4378,,16.1591
Ukraine,2020,,,19.1514,,,91.8223,,,,2324.1074,79.1565,9.475,2.7325,9.7135,69.3839,129.3412,-0.3496,-0.567,-0.4583,,18.617
Ukraine,2021,,,19.0823,83.5648,81.3375,89.4337,,,,2426.6123,82.698,9.834,9.3631,9.0406,69.4027,135.0257,-0.3585,-0.5686,-0.4636,,18.2678
Ukraine,2022,,,16.6915,,,80.8789,,,,1874.663,87.3965,,20.1836,10.3605,69.4235,120.2611,-0.4123,-0.7423,-0.5773,,17.5398
Uzbekistan,2004,,,,,,,,,,1613.6427,76.5957,8.152,,,50.5697,2.0903,-1.6385,-1.0754,-1.3569,,0.0212
Uzbekistan,2005,,,,,,,,,,1704.3389,69.5253,7.092,,7.1719,51.0781,2.7317,-1.6128,-1.3863,-1.4996,,0.0314
Uzbekistan,2006,,,,,,,,,,1807.8733,67.4713,6.035,,8.1802,51.4639,9.4774,-1.5907,-1.3985,-1.4946,,0.0324
Uzbekistan,2007,,,,,,,,,,1951.5788,74.4142,4.99,,7.6489,51.7087,21.0203,-1.4474,-1.1632,-1.3053,,0.0708
Uzbekistan,2008,,,,,,,,,,2095.3821,79.748,4.89,,12.2844,51.7944,45.0095,-1.413,-1.131,-1.272,,0.2399
Uzbekistan,2009,,,,,,,,,,2228.0553,68.6731,5.04,,6.4652,51.6105,58.7627,-1.4822,-1.2202,-1.3512,,0.3176
Uzbekistan,2010,,,,,,,,,,2359.642,44.1433,5.36,,6.1849,51.3322,73.8123,-1.505,-1.3247,-1.4148,,0.4157
Uzbekistan,2011,,,11.0406,22.5039,,,,,,2512.6878,44.3314,4.96,13.7797,7.2805,51.3396,88.2685,-1.5808,-1.3631,-1.472,,0.5126
Uzbekistan,2012,,,11.8098,,,,,,,2657.0991,39.657,4.87,13.2088,8.0829,51.336,69.2849,-1.4475,-1.2021,-1.3248,,0.7538
Uzbekistan,2013,,,12.2157,,,,,,,2823.0021,37.5113,4.86,11.8414,7.7915,51.1277,72.332,-1.4472,-1.1418,-1.2945,,1.0305
Uzbekistan,2014,,,11.9274,40.71,38.3701,8.61,,,,2990.5634,32.1925,5.09,9.2831,7.4633,50.8869,71.5985,-1.4668,-1.0846,-1.2757,,2.7147
Uzbekistan,2015,,,11.978,,,10.6374,,,,3172.899,27.1725,5.15,8.7519,4.9641,50.6597,70.8415,-1.4349,-1.0656,-1.2503,,5.8141
Uzbekistan,2016,,,11.8226,,,22.1563,,,,3327.9093,25.6926,5.16,8.1309,5.9211,50.6572,74.367,-1.4002,-1.0432,-1.2217,,8.7786
Uzbekistan,2017,,,9.9996,37.0897,34.222,24.8433,,,,3425.7882,41.0443,5.83,13.8757,9.8651,50.6787,76.2605,-1.2927,-0.9963,-1.1445,,10.4346
Uzbekistan,2018,,,12.1523,,,29.8483,,,,3559.8544,61.3951,5.392,17.5242,12.41,50.5815,71.7444,-1.1477,-0.8956,-1.0216,,12.7373
Uzbekistan,2019,,,10.8386,,,39.5122,,,,3733.5044,62.3004,4.936,14.5257,12.1791,50.592,101.2598,-0.9216,-0.9439,-0.9327,,10.5554
Uzbekistan,2020,,,12.698,,,50.0016,,,,3723.8213,53.1071,5.293,12.8677,10.1013,50.767,99.4064,-1.0225,-0.9126,-0.9675,,15.807
Uzbekistan,2021,,,12.7324,44.1348,41.7219,54.1202,,,,3951.9966,54.7478,5.364,10.8492,11.4289,50.927,102.4101,-0.6939,-0.7002,-0.697,,21.8944
Uzbekistan,2022,,,11.4559,,,84.0069,,,,4109.0842,60.0484,4.456,11.4466,16.4521,50.9847,105.4716,-0.6483,-0.672,-0.6602,,25.7992
