country,year,SHADOW,SELFEMP,DFS_INDEX,ACCOUNT,DIGPAY,ATM_per100k,TAX,LGDPPC,OPEN,UNEMP,INFL,REMIT,URBAN,MOBILE,BROADBAND,INST
Armenia,2011,37.751,48.11,23.2,17.487,6.958,41.322,17.219,7.987,69.436,18.884,7.65,17.734,64.321,109.85,5.493,-0.008
Armenia,2012,37.506,47.446,26.83,17.548,9.337,48.038,17.492,8.058,75.962,17.511,2.558,18.033,64.327,113.697,7.256,0.025
Armenia,2013,37.269,46.357,29.1,17.608,11.25,51.686,21.586,8.091,77.555,16.576,5.79,19.711,64.358,114.5,8.317,0.021
Armenia,2014,36.53,46.154,31.75,17.669,12.271,57.444,21.599,8.129,75.779,17.498,2.981,17.904,64.414,118.365,9.338,-0.146
Armenia,2015,36.221,44.813,41.63,27.699,22.019,58.994,20.931,8.164,71.682,18.261,3.732,14.133,64.493,118.599,9.802,-0.092
Armenia,2016,35.666,43.956,51.34,37.729,31.767,60.061,21.277,8.17,76.078,17.617,0.0,13.108,64.593,117.671,10.25,-0.033
Armenia,2017,35.312,42.348,61.74,47.759,41.516,63.01,20.781,8.247,87.202,17.704,0.97,13.348,64.713,119.676,10.817,-0.027
Armenia,2018,34.587,42.015,64.09,49.656,43.004,65.035,20.87,8.301,92.473,18.966,2.52,11.943,64.85,123.0,11.94,0.033
Armenia,2019,34.618,39.459,66.76,51.553,44.493,67.892,22.285,8.376,97.847,18.304,1.443,11.219,65.005,124.614,13.282,0.005
Armenia,2020,33.974,39.702,68.34,53.451,45.982,67.846,21.86,8.302,70.121,18.175,1.211,10.497,65.174,120.682,14.888,0.066
Azerbaijan,2011,47.062,68.288,16.07,14.901,3.487,29.86,12.225,8.547,80.508,5.42,7.858,2.87,53.508,109.334,10.521,-0.601
Azerbaijan,2012,45.822,66.692,21.94,19.651,10.139,31.282,12.779,8.555,78.263,5.19,1.066,2.856,53.808,107.988,14.607,-0.62
Azerbaijan,2013,44.583,66.513,27.87,24.401,16.452,33.254,13.388,8.599,74.676,4.97,2.416,2.337,54.182,106.583,18.015,-0.528
Azerbaijan,2014,43.057,66.774,32.83,29.152,20.416,35.56,14.212,8.614,69.483,4.91,1.373,2.454,54.632,109.567,19.708,-0.462
Azerbaijan,2015,42.176,67.738,33.72,28.958,21.803,36.473,15.603,8.613,72.602,4.96,4.028,2.393,55.157,109.682,19.476,-0.484
Azerbaijan,2016,41.527,68.185,33.05,28.765,23.19,33.217,14.52,8.57,90.077,5.0,12.443,1.698,55.758,103.248,18.277,-0.445
Azerbaijan,2017,40.781,68.263,33.44,28.571,24.577,32.824,13.134,8.562,90.402,5.0,12.936,2.773,56.433,101.59,18.109,-0.449
Azerbaijan,2018,40.498,68.315,37.17,32.109,28.171,33.822,12.944,8.568,91.673,4.9,2.268,2.602,57.184,102.987,18.834,-0.427
Azerbaijan,2019,39.967,68.307,41.11,35.646,31.765,35.387,14.19,8.584,85.818,5.0,2.611,2.647,58.131,106.328,19.218,-0.389
Azerbaijan,2020,39.053,68.075,44.67,39.184,35.359,35.94,15.186,8.535,72.018,7.24,2.76,3.286,58.294,101.597,19.599,-0.362
Belarus,2011,40.39,8.594,62.23,58.602,48.95,41.246,14.509,8.69,157.974,6.024,53.229,1.442,75.06,112.902,22.148,-1.165
Belarus,2012,39.785,8.273,69.16,63.063,55.304,46.237,14.663,8.708,153.085,5.962,59.22,1.603,75.528,112.822,26.755,-0.884
Belarus,2013,39.406,8.065,76.01,67.524,61.437,51.28,13.355,8.719,119.816,5.942,18.312,1.607,75.95,117.434,29.435,-0.929
Belarus,2014,38.555,7.907,81.78,71.985,66.394,54.877,12.698,8.734,110.651,5.908,18.12,1.562,76.34,120.366,28.338,-0.821
Belarus,2015,38.564,7.87,85.42,75.042,70.48,55.653,14.173,8.694,115.915,5.881,13.534,1.65,76.626,120.67,30.604,-0.867
Belarus,2016,38.229,7.882,88.69,78.099,74.566,55.449,13.788,8.668,125.209,5.844,11.837,2.046,76.846,120.432,32.293,-0.813
Belarus,2017,37.638,8.126,92.21,81.156,78.652,55.902,13.019,8.694,133.368,5.648,6.032,2.291,77.021,120.213,33.312,-0.821
Belarus,2018,37.519,7.868,81.12,69.602,68.043,54.151,14.673,8.727,139.394,4.763,4.872,2.408,77.213,122.57,33.771,-0.761
Belarus,2019,37.303,7.884,82.93,71.159,69.731,54.904,13.302,8.743,130.85,4.165,5.598,2.203,77.455,123.23,34.072,-0.651
Belarus,2020,36.768,7.573,87.26,75.765,73.588,55.841,12.023,8.741,118.934,4.049,5.548,1.652,77.789,125.165,34.815,-0.772
Georgia,2011,61.623,58.605,38.12,32.981,15.102,51.309,22.661,8.12,85.466,19.632,8.543,9.998,55.69,114.517,6.423,0.349
Georgia,2012,61.438,57.041,45.76,35.209,19.253,63.766,23.088,8.191,89.735,19.653,0.0,10.478,56.168,122.384,12.061,0.44
Georgia,2013,61.083,57.95,50.35,37.437,23.164,68.372,22.063,8.244,93.814,19.416,0.0,11.105,56.618,131.083,13.571,0.425
Georgia,2014,61.048,56.347,52.71,39.665,23.581,71.3,22.053,8.284,94.951,17.439,3.069,11.057,57.024,142.391,15.841,0.586
Georgia,2015,60.877,54.149,60.37,46.854,33.372,70.526,22.348,8.315,97.016,16.506,4.004,9.582,57.38,146.396,16.765,0.575
Georgia,2016,60.128,53.547,69.99,54.042,43.163,74.969,23.042,8.349,94.926,16.604,2.135,9.847,57.698,145.881,17.96,0.658
Georgia,2017,59.836,52.049,78.59,61.23,52.954,76.698,23.014,8.399,102.584,13.939,6.035,10.89,58.0,145.072,20.464,0.582
Georgia,2018,59.42,49.596,81.39,63.547,55.257,78.355,22.048,8.458,109.848,12.667,2.615,11.363,58.304,143.858,22.591,0.534
Georgia,2019,58.792,50.148,86.38,65.865,57.56,85.906,22.897,8.512,117.81,11.565,4.853,12.803,58.63,141.755,24.681,0.546
Georgia,2020,58.187,49.912,90.67,68.182,59.863,91.57,21.181,8.447,92.891,11.734,5.202,13.176,58.999,134.366,25.512,0.532
Kazakhstan,2011,37.715,32.454,53.84,42.105,29.447,63.983,18.258,9.129,73.118,5.39,8.453,0.093,54.4,147.901,6.993,-0.449
Kazakhstan,2012,37.598,31.351,59.65,46.039,34.928,67.719,13.312,9.162,73.724,5.29,5.196,0.136,54.692,174.709,9.461,-0.489
Kazakhstan,2013,37.576,30.42,64.8,49.973,40.468,69.627,16.03,9.206,65.408,5.2,5.943,0.144,55.078,172.955,11.157,-0.509
Kazakhstan,2014,36.896,28.674,70.06,53.907,46.735,70.948,14.193,9.233,64.972,5.06,6.849,0.181,55.552,160.503,12.056,-0.373
Kazakhstan,2015,36.97,26.963,71.54,55.504,49.115,69.926,9.836,9.23,53.05,4.93,6.678,0.16,56.111,145.482,12.724,-0.282
Kazakhstan,2016,36.605,26.927,74.35,57.101,51.494,72.452,9.924,9.225,60.312,4.96,14.361,0.28,56.748,139.051,12.796,-0.323
Kazakhstan,2017,36.047,26.891,76.32,58.698,53.874,72.753,10.303,9.25,56.825,4.9,7.443,0.336,57.459,143.113,13.811,-0.189
Kazakhstan,2018,36.135,26.848,85.14,64.3,59.887,81.74,11.718,9.275,63.528,4.85,6.164,0.345,58.239,137.675,13.0,-0.158
Kazakhstan,2019,35.779,26.785,91.06,69.903,65.9,82.978,11.787,9.305,64.859,4.8,5.334,0.279,59.083,133.88,13.08,-0.159
Kazakhstan,2020,35.473,26.521,100.0,75.506,71.913,92.29,8.319,9.265,57.026,4.89,6.718,0.219,59.987,124.698,13.45,-0.181
Kyrgyz Republic,2011,37.155,37.197,2.4,3.757,0.0,11.918,15.925,6.913,136.18,3.644,16.636,27.57,35.247,112.201,0.698,-0.705
Kyrgyz Republic,2012,36.771,36.952,7.21,8.662,2.342,15.587,16.342,6.894,139.676,3.786,2.768,30.754,35.219,119.333,0.959,-0.717
Kyrgyz Republic,2013,36.71,42.147,14.44,13.566,8.911,20.56,16.161,6.975,134.027,3.881,6.614,31.056,35.185,116.218,2.349,-0.692
Kyrgyz Republic,2014,36.367,42.351,21.18,18.471,15.093,24.66,17.549,6.993,125.126,4.02,7.534,30.032,35.146,128.23,2.894,-0.68
Kyrgyz Republic,2015,35.853,40.026,29.83,25.628,22.082,30.006,16.802,7.008,110.962,4.138,6.503,25.272,35.101,126.284,3.524,-0.699
Kyrgyz Republic,2016,35.417,38.344,36.85,32.785,29.072,30.982,16.949,7.028,105.824,4.294,0.389,29.276,35.052,124.639,3.943,-0.596
Kyrgyz Republic,2017,34.54,35.244,44.27,39.942,36.061,33.036,17.046,7.054,100.617,4.425,3.175,32.27,34.998,136.138,4.148,-0.504
Kyrgyz Republic,2018,34.212,35.046,46.49,41.23,36.903,36.301,17.999,7.069,98.876,4.559,1.543,32.506,34.941,137.742,3.952,-0.521
Kyrgyz Republic,2019,33.752,33.042,48.34,42.518,37.744,38.548,15.964,7.092,94.43,5.45,1.134,28.786,34.88,132.777,4.144,-0.58
Kyrgyz Republic,2020,33.185,33.975,50.3,43.807,38.586,41.105,14.036,6.997,78.992,5.945,6.325,31.807,34.817,109.78,4.337,-0.607
Moldova,2011,43.13,55.545,22.73,18.066,9.676,35.996,15.24,7.784,98.618,2.677,7.687,21.548,39.347,90.442,10.017,-0.238
Moldova,2012,43.063,57.021,24.72,17.963,11.596,39.077,15.595,7.779,96.306,2.189,4.546,22.809,39.361,102.919,12.017,-0.324
Moldova,2013,43.568,57.822,26.81,17.859,13.416,42.567,15.47,7.866,95.687,1.894,4.598,23.077,39.428,108.452,13.77,-0.327
Moldova,2014,43.246,59.565,28.89,17.756,15.232,46.033,16.829,7.915,94.228,1.45,5.089,22.079,39.63,111.829,15.233,-0.251
Moldova,2015,43.969,60.858,35.39,26.432,23.614,41.959,16.291,7.919,88.966,1.781,9.676,19.751,39.695,112.959,16.257,-0.309
Moldova,2016,44.064,61.906,44.89,35.109,31.996,45.907,16.43,7.976,89.005,1.591,6.359,18.384,39.737,117.008,17.216,-0.328
Moldova,2017,43.546,60.355,54.19,43.786,40.377,49.334,17.727,8.034,88.623,1.622,6.57,17.215,39.974,117.321,18.298,-0.278
Moldova,2018,43.861,59.815,59.96,48.901,45.222,52.216,18.014,8.092,87.447,1.239,3.045,16.334,40.326,115.32,19.758,-0.295
Moldova,2019,43.629,59.493,65.01,54.016,50.067,53.199,17.656,8.143,87.632,1.502,4.838,16.273,40.772,116.105,21.543,-0.244
Moldova,2020,42.783,59.332,69.67,59.131,54.912,53.123,17.91,8.067,79.266,1.206,3.766,16.275,41.337,111.445,23.427,-0.265
Tajikistan,2011,41.475,34.592,0.0,2.535,0.0,7.071,10.037,6.696,79.784,7.04,12.432,41.738,26.479,80.82,0.064,-1.111
Tajikistan,2012,42.056,34.358,2.91,5.51,1.751,8.872,10.068,6.745,83.176,7.022,5.831,42.216,26.41,81.457,0.067,-1.09
Tajikistan,2013,42.43,34.18,7.2,8.484,6.224,11.019,10.099,6.791,71.744,7.019,5.01,43.768,26.488,91.729,0.071,-1.113
Tajikistan,2014,42.282,33.901,10.82,11.459,8.747,13.77,10.13,6.831,54.607,7.024,6.104,37.136,26.563,94.939,0.072,-1.041
Tajikistan,2015,43.011,33.743,22.18,23.314,20.476,14.515,10.161,6.864,49.938,7.033,5.715,27.307,26.479,98.209,0.069,-1.006
Tajikistan,2016,43.274,33.493,33.4,35.169,32.205,14.837,10.192,6.905,55.725,7.036,6.005,26.706,26.372,106.027,0.068,-1.028
Tajikistan,2017,43.003,33.289,43.58,47.024,43.934,12.413,10.222,6.949,53.786,7.035,0.157,29.685,26.273,109.004,0.066,-0.977
Tajikistan,2018,42.998,33.035,41.28,45.14,41.234,12.011,10.253,6.998,55.846,7.028,0.851,28.118,26.234,107.442,0.064,-0.935
Tajikistan,2019,43.215,32.755,40.34,43.256,38.533,15.23,10.284,7.046,56.045,7.026,0.0,27.972,26.13,115.373,0.063,-1.024
Tajikistan,2020,43.002,32.629,40.67,41.372,35.833,21.86,10.315,7.066,55.749,7.576,5.869,26.885,26.192,62.283,0.37,-1.024
